"","Site","RCP","Period","Rgroup","Median_Biomass","Percent_Change"
"1","1","RCP45","Mid","a.forb",0.177466465,2.82583036158174
"2","1","RCP45","Mid","p.cool.grass",4.8275309,7.37144360717076
"3","1","RCP45","Mid","p.forb",1.005060245,5.66200701900202
"4","1","RCP45","Mid","p.warm.grass",5.8408683,15.9367928494953
"5","1","RCP45","Mid","sagebrush",168.19835476,31.4897214245239
"6","1","RCP45","Mid","shrub",0.461475420000001,5.71811865273688
"7","1","RCP45","Late","a.forb",0.16748415,2.66688016890239
"8","1","RCP45","Late","p.cool.grass",5.13238197000001,7.83693880909495
"9","1","RCP45","Late","p.forb",1.09689709,6.17936989707805
"10","1","RCP45","Late","p.warm.grass",5.43086423,14.818097889186
"11","1","RCP45","Late","sagebrush",204.14420559,38.2194235706556
"12","1","RCP45","Late","shrub",0.34828328,4.31556055532574
"13","1","RCP85","Mid","a.forb",-0.151329675,-2.40964956519136
"14","1","RCP85","Mid","p.cool.grass",5.41714301,8.27175735119464
"15","1","RCP85","Mid","p.forb",1.166884385,6.57364333242915
"16","1","RCP85","Mid","p.warm.grass",5.60894803,15.3039990402959
"17","1","RCP85","Mid","sagebrush",205.94470911,38.5565098302066
"18","1","RCP85","Mid","shrub",0.443229070000001,5.49202905021944
"19","1","RCP85","Late","a.forb",-0.0955962550000002,-1.5221963193582
"20","1","RCP85","Late","p.cool.grass",5.03705278000001,7.69137500789747
"21","1","RCP85","Late","p.forb",-1.841418475,-10.3736312148831
"22","1","RCP85","Late","p.warm.grass",8.08093724,22.0488146982619
"23","1","RCP85","Late","sagebrush",118.27145053,22.1425175946475
"24","1","RCP85","Late","shrub",-0.99307361,-12.3051250116024
"25","2","RCP45","Mid","a.forb",0.806072944999999,15.4190191618177
"26","2","RCP45","Mid","p.cool.grass",6.77555854,10.6159485558677
"27","2","RCP45","Mid","p.forb",1.660240235,9.80983245937503
"28","2","RCP45","Mid","p.warm.grass",11.55540548,38.0943407923181
"29","2","RCP45","Mid","sagebrush",338.76413263,84.4929724457012
"30","2","RCP45","Mid","shrub",1.10344193,14.9969902236006
"31","2","RCP45","Late","a.forb",1.015917145,19.4330376955824
"32","2","RCP45","Late","p.cool.grass",6.07204866,9.51368891918471
"33","2","RCP45","Late","p.forb",1.466874675,8.66729675458696
"34","2","RCP45","Late","p.warm.grass",12.65470198,41.7183568924267
"35","2","RCP45","Late","sagebrush",355.2749859,88.6110325826071
"36","2","RCP45","Late","shrub",1.13083352,15.3692720775618
"37","2","RCP85","Mid","a.forb",1.12027283,21.429212256012
"38","2","RCP85","Mid","p.cool.grass",6.59216412,10.3286060856256
"39","2","RCP85","Mid","p.forb",1.659612815,9.8061252337869
"40","2","RCP85","Mid","p.warm.grass",12.68526143,41.8191012674069
"41","2","RCP85","Mid","sagebrush",334.03518859,83.3135012444055
"42","2","RCP85","Mid","shrub",1.12977044,15.3548236503873
"43","2","RCP85","Late","a.forb",1.146047185,21.9222386949883
"44","2","RCP85","Late","p.cool.grass",7.54670491,11.8241810793762
"45","2","RCP85","Late","p.forb",-0.872147934999997,-5.15324526040045
"46","2","RCP85","Late","p.warm.grass",14.16476142,46.6965222215084
"47","2","RCP85","Late","sagebrush",257.25070671,64.1622733343651
"48","2","RCP85","Late","shrub",-0.02326987,-0.316263142995171
"49","3","RCP45","Mid","a.forb",0.709483045,12.4019605522716
"50","3","RCP45","Mid","p.cool.grass",2.25279497000001,3.18503467500548
"51","3","RCP45","Mid","p.forb",1.33842249,7.75870272130191
"52","3","RCP45","Mid","p.warm.grass",9.77085619,29.5936514269074
"53","3","RCP45","Mid","sagebrush",251.43966742,55.1524733328738
"54","3","RCP45","Mid","shrub",0.76858956,10.1565142081157
"55","3","RCP45","Late","a.forb",0.421027895,7.35968446602688
"56","3","RCP45","Late","p.cool.grass",0.26080171000001,0.368725294894791
"57","3","RCP45","Late","p.forb",1.53272115,8.88503282509995
"58","3","RCP45","Late","p.warm.grass",9.37089174,28.3822521097658
"59","3","RCP45","Late","sagebrush",273.89257451,60.0774454831839
"60","3","RCP45","Late","shrub",1.09273528,14.439932539585
"61","3","RCP85","Mid","a.forb",0.41457247,7.24684184524494
"62","3","RCP85","Mid","p.cool.grass",-0.0107500499999986,-0.0151985788604802
"63","3","RCP85","Mid","p.forb",1.412426825,8.18769852766546
"64","3","RCP85","Mid","p.warm.grass",9.51055651,28.8052642224842
"65","3","RCP85","Mid","sagebrush",254.02210208,55.7189219771191
"66","3","RCP85","Mid","shrub",1.08657177,14.3584849371913
"67","3","RCP85","Late","a.forb",0.80972944,14.1542953614811
"68","3","RCP85","Late","p.cool.grass",0.317806600000011,0.449319647116235
"69","3","RCP85","Late","p.forb",-1.1424898,-6.62290030730109
"70","3","RCP85","Late","p.warm.grass",11.52883792,34.9181693116079
"71","3","RCP85","Late","sagebrush",193.44113345,42.4306835256075
"72","3","RCP85","Late","shrub",0.0718089099999997,0.94891767028985
"73","4","RCP45","Mid","a.forb",0.451845235,7.70081487478876
"74","4","RCP45","Mid","p.cool.grass",11.384233,18.8317088688353
"75","4","RCP45","Mid","p.forb",1.72601572,10.4755194825918
"76","4","RCP45","Mid","p.warm.grass",11.59156543,37.8801715225007
"77","4","RCP45","Mid","sagebrush",302.88437556,75.3673486247418
"78","4","RCP45","Mid","shrub",0.591506750000001,7.57246539772619
"79","4","RCP45","Late","a.forb",-0.39049121,-6.65515598154367
"80","4","RCP45","Late","p.cool.grass",9.12532191,15.0950358749267
"81","4","RCP45","Late","p.forb",2.01225137,12.2127383812629
"82","4","RCP45","Late","p.warm.grass",12.61826386,41.2353277233731
"83","4","RCP45","Late","sagebrush",305.98679985,76.139331308279
"84","4","RCP45","Late","shrub",0.77053531,9.86438780741085
"85","4","RCP85","Mid","a.forb",0.324262065,5.52641023973998
"86","4","RCP85","Mid","p.cool.grass",10.55461453,17.4593605077952
"87","4","RCP85","Mid","p.forb",2.1842774,13.2567972550592
"88","4","RCP85","Mid","p.warm.grass",12.28589313,40.1491706950157
"89","4","RCP85","Mid","sagebrush",305.69631651,76.0670497351045
"90","4","RCP85","Mid","shrub",0.58013465,7.42687985073203
"91","4","RCP85","Late","a.forb",0.392351325000001,6.68685798955716
"92","4","RCP85","Late","p.cool.grass",10.34254833,17.1085622643545
"93","4","RCP85","Late","p.forb",-0.267884715000001,-1.62584356477997
"94","4","RCP85","Late","p.warm.grass",13.97205957,45.6594078021952
"95","4","RCP85","Late","sagebrush",257.7154351,64.1278673000122
"96","4","RCP85","Late","shrub",-0.20271274,-2.59512712125139
"97","5","RCP45","Mid","a.forb",0.523091495,9.29207417275534
"98","5","RCP45","Mid","p.cool.grass",3.79345732,5.66227828664263
"99","5","RCP45","Mid","p.forb",1.17120597,6.70301057829918
"100","5","RCP45","Mid","p.warm.grass",9.42048099,27.7614430868155
"101","5","RCP45","Mid","sagebrush",303.42107942,70.75275546231
"102","5","RCP45","Mid","shrub",0.695149,8.93651793332515
"103","5","RCP45","Late","a.forb",0.622669355,11.0609518355135
"104","5","RCP45","Late","p.cool.grass",4.3075197,6.42959000434869
"105","5","RCP45","Late","p.forb",1.419086105,8.12167066850964
"106","5","RCP45","Late","p.warm.grass",8.54804685,25.1904458362171
"107","5","RCP45","Late","sagebrush",293.57246617,68.456222451973
"108","5","RCP45","Late","shrub",0.88460004,11.3720139441762
"109","5","RCP85","Mid","a.forb",0.581402435,10.3278959835517
"110","5","RCP85","Mid","p.cool.grass",4.67568953,6.97913619884914
"111","5","RCP85","Mid","p.forb",1.222150385,6.99457411314888
"112","5","RCP85","Mid","p.warm.grass",8.56666779,25.2453203343008
"113","5","RCP85","Mid","sagebrush",305.06775548,71.1367329658557
"114","5","RCP85","Mid","shrub",0.724007599999999,9.30751090955133
"115","5","RCP85","Late","a.forb",0.612720955,10.884230799932
"116","5","RCP85","Late","p.cool.grass",4.42196999000001,6.60042345186115
"117","5","RCP85","Late","p.forb",-1.439474685,-8.23835797280721
"118","5","RCP85","Late","p.warm.grass",10.42424376,30.7194558508771
"119","5","RCP85","Late","sagebrush",244.31312843,56.9697631591127
"120","5","RCP85","Late","shrub",-0.42081065,-5.40974944977151
"121","6","RCP45","Mid","a.forb",-0.0720692700000001,-1.20776716917683
"122","6","RCP45","Mid","p.cool.grass",-4.31676379,-5.72463254129116
"123","6","RCP45","Mid","p.forb",0.264806085,1.451968724582
"124","6","RCP45","Mid","p.warm.grass",2.43849419,5.91275899646774
"125","6","RCP45","Mid","sagebrush",156.46833681,28.0936440646017
"126","6","RCP45","Mid","shrub",-0.0987055900000016,-1.15067589934596
"127","6","RCP45","Late","a.forb",0.58412569,9.78902424091105
"128","6","RCP45","Late","p.cool.grass",-4.25634706,-5.64451150724301
"129","6","RCP45","Late","p.forb",0.464130839999999,2.54489417716353
"130","6","RCP45","Late","p.warm.grass",2.26439286,5.490605353668
"131","6","RCP45","Late","sagebrush",206.39961186,37.0587260584736
"132","6","RCP45","Late","shrub",-0.187409150000001,-2.18475156495097
"133","6","RCP85","Mid","a.forb",0.276253795000001,4.62957740464843
"134","6","RCP85","Mid","p.cool.grass",-3.83232172,-5.08219460092555
"135","6","RCP85","Mid","p.forb",0.342422919999997,1.87755266432053
"136","6","RCP85","Mid","p.warm.grass",1.64600092,3.99115437216776
"137","6","RCP85","Mid","sagebrush",168.62047612,30.2755415868662
"138","6","RCP85","Mid","shrub",-0.0562597800000013,-0.655857210807475
"139","6","RCP85","Late","a.forb",0.325051265,5.44734595156018
"140","6","RCP85","Late","p.cool.grass",-4.76380743999999,-6.31747494607967
"141","6","RCP85","Late","p.forb",-2.28130588,-12.5087185551836
"142","6","RCP85","Late","p.warm.grass",3.89562366,9.44594575495691
"143","6","RCP85","Late","sagebrush",114.84122558,20.619561638882
"144","6","RCP85","Late","shrub",-1.03603143,-12.0776989172134
"145","7","RCP45","Mid","a.forb",0.354760475,6.05020060423202
"146","7","RCP45","Mid","p.cool.grass",6.0207245,9.41332551673134
"147","7","RCP45","Mid","p.forb",1.25850649,7.26856160796571
"148","7","RCP45","Mid","p.warm.grass",8.05087436,23.212937737928
"149","7","RCP45","Mid","sagebrush",299.15860936,71.5115720258281
"150","7","RCP45","Mid","shrub",0.88693134,11.297708074227
"151","7","RCP45","Late","a.forb",0.705356210000001,12.0293743770098
"152","7","RCP45","Late","p.cool.grass",7.57942715,11.8503371136316
"153","7","RCP45","Late","p.forb",1.564665225,9.03679533965219
"154","7","RCP45","Late","p.warm.grass",7.98410311,23.0204174227888
"155","7","RCP45","Late","sagebrush",335.07682352,80.0975457487204
"156","7","RCP45","Late","shrub",0.482222590000001,6.14253866439952
"157","7","RCP85","Mid","a.forb",0.45696251,7.79318737272912
"158","7","RCP85","Mid","p.cool.grass",6.32331470999999,9.88642142817954
"159","7","RCP85","Mid","p.forb",1.008098075,5.82231639108126
"160","7","RCP85","Mid","p.warm.grass",7.68444096,22.1564070657369
"161","7","RCP85","Mid","sagebrush",289.58372898,69.2227702781603
"162","7","RCP85","Mid","shrub",0.73531496,9.36642261473354
"163","7","RCP85","Late","a.forb",0.51290396,8.747231068244
"164","7","RCP85","Late","p.cool.grass",6.68501006999999,10.4519274834012
"165","7","RCP85","Late","p.forb",-0.749420445000002,-4.32831194597304
"166","7","RCP85","Late","p.warm.grass",9.91785517,28.5959691159554
"167","7","RCP85","Late","sagebrush",233.86963115,55.9047423318891
"168","7","RCP85","Late","shrub",-0.0971917399999995,-1.23802582705688
"169","8","RCP45","Mid","a.forb",0.31354407,5.64405044301094
"170","8","RCP45","Mid","p.cool.grass",3.54701586,5.25766844627024
"171","8","RCP45","Mid","p.forb",1.726698165,10.0780873855823
"172","8","RCP45","Mid","p.warm.grass",10.00737366,30.3080753921577
"173","8","RCP45","Mid","sagebrush",291.1521737,66.6623589832193
"174","8","RCP45","Mid","shrub",0.72016024,9.19961993226936
"175","8","RCP45","Late","a.forb",0.984348075,17.7190727567602
"176","8","RCP45","Late","p.cool.grass",3.01628497999999,4.47097701003931
"177","8","RCP45","Late","p.forb",1.684912765,9.83420173076583
"178","8","RCP45","Late","p.warm.grass",10.22952318,30.9808717350587
"179","8","RCP45","Late","sagebrush",295.17477321,67.5833755402093
"180","8","RCP45","Late","shrub",0.665675390000001,8.50360828899021
"181","8","RCP85","Mid","a.forb",0.28562609,5.14150390342252
"182","8","RCP85","Mid","p.cool.grass",5.01426596,7.43254300506537
"183","8","RCP85","Mid","p.forb",1.39350552,8.13336730617962
"184","8","RCP85","Mid","p.warm.grass",9.90786682,30.0067115267502
"185","8","RCP85","Mid","sagebrush",289.56287194,66.2984715936409
"186","8","RCP85","Mid","shrub",0.740223030000001,9.45591017509218
"187","8","RCP85","Late","a.forb",0.74706218,13.4477320141495
"188","8","RCP85","Late","p.cool.grass",3.16159474,4.68636667003568
"189","8","RCP85","Late","p.forb",-1.58131227,-9.22952462913726
"190","8","RCP85","Late","p.warm.grass",11.10026896,33.6179900884113
"191","8","RCP85","Late","sagebrush",233.39298914,53.4377848823778
"192","8","RCP85","Late","shrub",-0.45527379,-5.81585264013438
"193","9","RCP45","Mid","a.forb",0.0599014249999996,1.0335356775797
"194","9","RCP45","Mid","p.cool.grass",-1.11120948,-1.54185858911559
"195","9","RCP45","Mid","p.forb",-0.273306140000003,-1.44857689059143
"196","9","RCP45","Mid","p.warm.grass",-3.26903983,-7.58016952855813
"197","9","RCP45","Mid","sagebrush",-109.59676636,-16.6466240020135
"198","9","RCP45","Mid","shrub",-0.44226617,-5.05963750862861
"199","9","RCP45","Late","a.forb",0.466035294999999,8.04094567689975
"200","9","RCP45","Late","p.cool.grass",-1.39875309,-1.94083969286194
"201","9","RCP45","Late","p.forb",-0.734907510000003,-3.89515594383676
"202","9","RCP45","Late","p.warm.grass",-1.65439466,-3.83616983643215
"203","9","RCP45","Late","sagebrush",-115.60613643,-17.5593856405791
"204","9","RCP45","Late","shrub",-0.47537303,-5.4383884102608
"205","9","RCP85","Mid","a.forb",0.294903785,5.0882526292287
"206","9","RCP85","Mid","p.cool.grass",-1.50970341,-2.09478879691127
"207","9","RCP85","Mid","p.forb",-0.607508640000002,-3.21991659879512
"208","9","RCP85","Mid","p.warm.grass",-3.20673856,-7.43570686887725
"209","9","RCP85","Mid","sagebrush",-123.90082667,-18.8192639583836
"210","9","RCP85","Mid","shrub",-0.42140255,-4.82095238758991
"211","9","RCP85","Late","a.forb",0.62108633,10.7161871510076
"212","9","RCP85","Late","p.cool.grass",-3.27288893000001,-4.54129666707114
"213","9","RCP85","Late","p.forb",-4.32821831,-22.9404177355863
"214","9","RCP85","Late","p.warm.grass",-0.368266660000003,-0.853927715685219
"215","9","RCP85","Late","sagebrush",-147.76601041,-22.4441404365252
"216","9","RCP85","Late","shrub",-1.90336875,-21.7750227657059
"217","10","RCP45","Mid","a.forb",0.0320120849999999,0.541510792424204
"218","10","RCP45","Mid","p.cool.grass",2.83333065000001,4.2700945456796
"219","10","RCP45","Mid","p.forb",0.653557844999998,3.665498594541
"220","10","RCP45","Mid","p.warm.grass",-1.15354826999999,-2.83304093865797
"221","10","RCP45","Mid","sagebrush",-73.77055719,-12.2312680765629
"222","10","RCP45","Mid","shrub",-0.0376529999999988,-0.446404287797287
"223","10","RCP45","Late","a.forb",0.53012669,8.9675297309476
"224","10","RCP45","Late","p.cool.grass",4.46860709000001,6.73460923517492
"225","10","RCP45","Late","p.forb",0.549901134999999,3.08413685628546
"226","10","RCP45","Late","p.warm.grass",-0.724985239999995,-1.78051748527417
"227","10","RCP45","Late","sagebrush",-90.33549436,-14.977759290881
"228","10","RCP45","Late","shrub",-0.30199788,-3.58040922470174
"229","10","RCP85","Mid","a.forb",0.2872202,4.85856632275714
"230","10","RCP85","Mid","p.cool.grass",3.89034761000001,5.86311806222075
"231","10","RCP85","Mid","p.forb",0.391127694999998,2.19365129999864
"232","10","RCP85","Mid","p.warm.grass",-2.18147805,-5.35757088208695
"233","10","RCP85","Mid","sagebrush",-84.55649323,-14.019592310337
"234","10","RCP85","Mid","shrub",-0.26394084,-3.12921474253901
"235","10","RCP85","Late","a.forb",0.173055405,2.92737475534137
"236","10","RCP85","Late","p.cool.grass",3.4663189,5.2240670987257
"237","10","RCP85","Late","p.forb",-3.72707058,-20.9033861000401
"238","10","RCP85","Late","p.warm.grass",2.27642207,5.59074733645482
"239","10","RCP85","Late","sagebrush",-112.31716612,-18.6223531547324
"240","10","RCP85","Late","shrub",-1.73324975,-20.5489634351473
"241","13","RCP45","Mid","a.forb",0.70803043,13.1227059772457
"242","13","RCP45","Mid","p.cool.grass",5.35610577999999,8.10427935993875
"243","13","RCP45","Mid","p.forb",1.09892712,6.19538937483686
"244","13","RCP45","Mid","p.warm.grass",10.40507704,31.8050437647107
"245","13","RCP45","Mid","sagebrush",281.34094202,65.348015334072
"246","13","RCP45","Mid","shrub",0.1383966,1.66139404990068
"247","13","RCP45","Late","a.forb",0.862699904999999,15.989365315715
"248","13","RCP45","Late","p.cool.grass",4.50672732999999,6.81909185172792
"249","13","RCP45","Late","p.forb",0.979729644999999,5.52339324635622
"250","13","RCP45","Late","p.warm.grass",9.79647571,29.9447411584446
"251","13","RCP45","Late","sagebrush",285.57601165,66.33170932875
"252","13","RCP45","Late","shrub",0.21594419,2.59232085453415
"253","13","RCP85","Mid","a.forb",0.75168591,13.931820958837
"254","13","RCP85","Mid","p.cool.grass",4.97188847999999,7.52292334084208
"255","13","RCP85","Mid","p.forb",1.01572952,5.72634869172776
"256","13","RCP85","Mid","p.warm.grass",10.16713911,31.0777424436496
"257","13","RCP85","Mid","sagebrush",294.21168124,68.3375456095824
"258","13","RCP85","Mid","shrub",0.245808440000001,2.9508288471781
"259","13","RCP85","Late","a.forb",0.974417045,18.0599418315277
"260","13","RCP85","Late","p.cool.grass",4.88922316999999,7.39784314393531
"261","13","RCP85","Late","p.forb",-2.48645536,-14.0178168670095
"262","13","RCP85","Late","p.warm.grass",12.55599004,38.3797074443835
"263","13","RCP85","Late","sagebrush",218.06056913,50.6496683808314
"264","13","RCP85","Late","shrub",-1.07549568,-12.9108816506033
"265","14","RCP45","Mid","a.forb",0.408232105,6.93054511667469
"266","14","RCP45","Mid","p.cool.grass",5.64304374,8.53736186721947
"267","14","RCP45","Mid","p.forb",1.67337545,9.70677429947739
"268","14","RCP45","Mid","p.warm.grass",9.85722941,30.1993582820338
"269","14","RCP45","Mid","sagebrush",243.85654575,55.1170137335074
"270","14","RCP45","Mid","shrub",0.36877872,4.59498904774491
"271","14","RCP45","Late","a.forb",0.710173945,12.0566033543818
"272","14","RCP45","Late","p.cool.grass",6.05131136999999,9.15503003648693
"273","14","RCP45","Late","p.forb",1.45787032,8.45669043020015
"274","14","RCP45","Late","p.warm.grass",10.17624969,31.1767330933759
"275","14","RCP45","Late","sagebrush",295.88549718,66.8767162327268
"276","14","RCP45","Late","shrub",0.59627424,7.42958704952503
"277","14","RCP85","Mid","a.forb",0.445082125,7.556146883494
"278","14","RCP85","Mid","p.cool.grass",5.22587178000001,7.90622233552817
"279","14","RCP85","Mid","p.forb",1.387753985,8.04996554454969
"280","14","RCP85","Mid","p.warm.grass",11.15632318,34.1793608335
"281","14","RCP85","Mid","sagebrush",264.80311558,59.8514053137669
"282","14","RCP85","Mid","shrub",0.517083809999999,6.44287296109766
"283","14","RCP85","Late","a.forb",0.357824335,6.07477380438175
"284","14","RCP85","Late","p.cool.grass",5.35474508999999,8.10119478890423
"285","14","RCP85","Late","p.forb",-1.094440285,-6.34853632563495
"286","14","RCP85","Late","p.warm.grass",12.95058835,39.6764081748994
"287","14","RCP85","Late","sagebrush",231.99018715,52.4349522456298
"288","14","RCP85","Late","shrub",-0.22985431,-2.8639885648146
"289","15","RCP45","Mid","a.forb",0.127937865,2.26965396017313
"290","15","RCP45","Mid","p.cool.grass",1.53960556,2.21405864625999
"291","15","RCP45","Mid","p.forb",-0.544908830000001,-2.86249072987497
"292","15","RCP45","Mid","p.warm.grass",4.57796404,11.9645750747628
"293","15","RCP45","Mid","sagebrush",179.2840185,34.9913387221739
"294","15","RCP45","Mid","shrub",0.367843059999998,4.46425682228649
"295","15","RCP45","Late","a.forb",0.934691294999999,16.5816883003019
"296","15","RCP45","Late","p.cool.grass",2.23776970999999,3.21806669415002
"297","15","RCP45","Late","p.forb",-0.415872955000001,-2.18464523412699
"298","15","RCP45","Late","p.warm.grass",3.88661841,10.1577332952139
"299","15","RCP45","Late","sagebrush",222.03492976,43.3351477749605
"300","15","RCP45","Late","shrub",0.387117049999999,4.69817190919932
"301","15","RCP85","Mid","a.forb",0.622114274999999,11.0364834361898
"302","15","RCP85","Mid","p.cool.grass",2.04337536999999,2.93851426822802
"303","15","RCP85","Mid","p.forb",-0.189621505000002,-0.996111221481664
"304","15","RCP85","Mid","p.warm.grass",5.03171625,13.1504630228657
"305","15","RCP85","Mid","sagebrush",180.28985226,35.1876499722721
"306","15","RCP85","Mid","shrub",0.353926419999999,4.29536018722885
"307","15","RCP85","Late","a.forb",0.79536843,14.1100612156236
"308","15","RCP85","Late","p.cool.grass",0.976205329999999,1.40385038062059
"309","15","RCP85","Late","p.forb",-3.599170735,-18.907002964468
"310","15","RCP85","Late","p.warm.grass",5.40823139,14.1344907740568
"311","15","RCP85","Late","sagebrush",150.11584775,29.2985092599681
"312","15","RCP85","Late","shrub",-0.751020250000001,-9.1146133754374
"313","16","RCP45","Mid","a.forb",0.152603235,2.61955404520924
"314","16","RCP45","Mid","p.cool.grass",4.57765965999999,6.89671141979889
"315","16","RCP45","Mid","p.forb",0.933727319999999,5.32710144560737
"316","16","RCP45","Mid","p.warm.grass",9.1234547,26.721648355951
"317","16","RCP45","Mid","sagebrush",271.14184749,62.4949147878342
"318","16","RCP45","Mid","shrub",1.1181002,14.8590780822273
"319","16","RCP45","Late","a.forb",0.704952755,12.1010661473962
"320","16","RCP45","Late","p.cool.grass",4.9920846,7.52108488323533
"321","16","RCP45","Late","p.forb",1.04878723,5.98354128598009
"322","16","RCP45","Late","p.warm.grass",8.42288822,24.6697621194219
"323","16","RCP45","Late","sagebrush",296.51563111,68.3432648667917
"324","16","RCP45","Late","shrub",1.09681704,14.5762339003941
"325","16","RCP85","Mid","a.forb",0.402392295,6.90737889094083
"326","16","RCP85","Mid","p.cool.grass",5.45938535000001,8.22512115031895
"327","16","RCP85","Mid","p.forb",1.232339715,7.03074499014966
"328","16","RCP85","Mid","p.warm.grass",8.72949267,25.5677746121315
"329","16","RCP85","Mid","sagebrush",268.44313353,61.8728938769043
"330","16","RCP85","Mid","shrub",0.906372889999999,12.0453118102689
"331","16","RCP85","Late","a.forb",0.488765965,8.39005058297978
"332","16","RCP85","Late","p.cool.grass",3.13030723,4.71612728426824
"333","16","RCP85","Late","p.forb",-0.764994824999999,-4.36444875377498
"334","16","RCP85","Late","p.warm.grass",11.18616428,32.7631098274714
"335","16","RCP85","Late","sagebrush",209.17176145,48.2115598490235
"336","16","RCP85","Late","shrub",0.34096969,4.53134276103594
"337","19","RCP45","Mid","a.forb",0.1644173,2.7585132117567
"338","19","RCP45","Mid","p.cool.grass",3.61394354000001,5.32365757976612
"339","19","RCP45","Mid","p.forb",1.04270816,5.95113034952043
"340","19","RCP45","Mid","p.warm.grass",5.73479124,15.6169066026522
"341","19","RCP45","Mid","sagebrush",215.83703311,44.0689748964689
"342","19","RCP45","Mid","shrub",0.56682789,7.10796159192017
"343","19","RCP45","Late","a.forb",-0.00600541999999926,-0.100756005676689
"344","19","RCP45","Late","p.cool.grass",3.50907747000001,5.16918060959858
"345","19","RCP45","Late","p.forb",0.948492049999999,5.4134033294933
"346","19","RCP45","Late","p.warm.grass",5.87170887,15.989758856637
"347","19","RCP45","Late","sagebrush",222.51666387,45.432802391865
"348","19","RCP45","Late","shrub",0.57447195,7.20381729317427
"349","19","RCP85","Mid","a.forb",0.20838114,3.49611706171384
"350","19","RCP85","Mid","p.cool.grass",3.83593656000001,5.65067287773566
"351","19","RCP85","Mid","p.forb",1.075404755,6.13774219959982
"352","19","RCP85","Mid","p.warm.grass",6.72211776,18.3055809421146
"353","19","RCP85","Mid","sagebrush",241.55988768,49.3209921984911
"354","19","RCP85","Mid","shrub",0.52719103,6.61091957356727
"355","19","RCP85","Late","a.forb",0.539377170000001,9.04940690283164
"356","19","RCP85","Late","p.cool.grass",2.75526203000001,4.05874398089001
"357","19","RCP85","Late","p.forb",-2.10034687,-11.9874750021878
"358","19","RCP85","Late","p.warm.grass",8.01935588,21.8382023948599
"359","19","RCP85","Late","sagebrush",173.4217926,35.4087549966232
"360","19","RCP85","Late","shrub",-0.84292698,-10.5702148823927
"361","20","RCP45","Mid","a.forb",0.125573640000001,2.05028916374343
"362","20","RCP45","Mid","p.cool.grass",5.85642202000001,8.99062028388511
"363","20","RCP45","Mid","p.forb",1.29025971,7.38242676481282
"364","20","RCP45","Mid","p.warm.grass",8.45477955,24.5088512725425
"365","20","RCP45","Mid","sagebrush",279.32108828,63.0112928547051
"366","20","RCP45","Mid","shrub",0.869497450000001,11.5126056079103
"367","20","RCP45","Late","a.forb",-0.10765408,-1.75770960893358
"368","20","RCP45","Late","p.cool.grass",6.05140917,9.28995926934416
"369","20","RCP45","Late","p.forb",1.25027352,7.15363939976451
"370","20","RCP45","Late","p.warm.grass",8.23789819,23.8801520894838
"371","20","RCP45","Late","sagebrush",288.46275511,65.0735368812923
"372","20","RCP45","Late","shrub",1.16613489,15.4402420319851
"373","20","RCP85","Mid","a.forb",0.0614862550000002,1.00390975642392
"374","20","RCP85","Mid","p.cool.grass",6.32891577000001,9.71597987686726
"375","20","RCP85","Mid","p.forb",1.182794225,6.76754584850677
"376","20","RCP85","Mid","p.warm.grass",8.97135605,26.0063115592972
"377","20","RCP85","Mid","sagebrush",289.88685429,65.3947955840909
"378","20","RCP85","Mid","shrub",0.934236569999999,12.3697857594601
"379","20","RCP85","Late","a.forb",0.34969329,5.70957697109668
"380","20","RCP85","Late","p.cool.grass",5.72196557000001,8.7842063877313
"381","20","RCP85","Late","p.forb",-1.2716806,-7.276123423038
"382","20","RCP85","Late","p.warm.grass",10.02071145,29.0481999111513
"383","20","RCP85","Late","sagebrush",231.34186158,52.1877881807386
"384","20","RCP85","Late","shrub",0.00299762000000037,0.0396900724923211
"385","21","RCP45","Mid","a.forb",0.2411653,4.13771284977331
"386","21","RCP45","Mid","p.cool.grass",4.79435973000001,7.17346829839534
"387","21","RCP45","Mid","p.forb",1.10872867,6.24352291546328
"388","21","RCP45","Mid","p.warm.grass",9.08008347000001,26.8832779407941
"389","21","RCP45","Mid","sagebrush",275.67778627,62.5509468018363
"390","21","RCP45","Mid","shrub",0.7687225,9.83362522709131
"391","21","RCP45","Late","a.forb",0.603595825,10.3559931763484
"392","21","RCP45","Late","p.cool.grass",4.9393177,7.39035886584441
"393","21","RCP45","Late","p.forb",1.180208055,6.64604085362639
"394","21","RCP45","Late","p.warm.grass",9.79259295,28.9927949347266
"395","21","RCP45","Late","sagebrush",297.57641905,67.5197193409235
"396","21","RCP45","Late","shrub",0.75129915,9.61074285523354
"397","21","RCP85","Mid","a.forb",0.27664971,4.74652472786532
"398","21","RCP85","Mid","p.cool.grass",4.81936874,7.21088754736963
"399","21","RCP85","Mid","p.forb",0.765932775000003,4.31315520362335
"400","21","RCP85","Mid","p.warm.grass",9.44250974000001,27.9563084015433
"401","21","RCP85","Mid","sagebrush",268.19708252,60.8535844258622
"402","21","RCP85","Mid","shrub",0.864949460000001,11.0645763978744
"403","21","RCP85","Late","a.forb",0.47015969,8.06660738820399
"404","21","RCP85","Late","p.cool.grass",2.27858214000001,3.40928459003635
"405","21","RCP85","Late","p.forb",-2.10385747,-11.8473371170366
"406","21","RCP85","Late","p.warm.grass",11.89359296,35.2131966974475
"407","21","RCP85","Late","sagebrush",221.52441162,50.2636134526252
"408","21","RCP85","Late","shrub",-0.20362897,-2.60485542748992
"409","22","RCP45","Mid","a.forb",-0.150949365,-2.59909067343897
"410","22","RCP45","Mid","p.cool.grass",5.6354365,8.45985807632312
"411","22","RCP45","Mid","p.forb",1.242964115,7.20328444737395
"412","22","RCP45","Mid","p.warm.grass",11.14481505,34.1447547231686
"413","22","RCP45","Mid","sagebrush",275.81829014,62.3254921687184
"414","22","RCP45","Mid","shrub",0.214643149999999,2.56657863337879
"415","22","RCP45","Late","a.forb",0.66914431,11.521524024336
"416","22","RCP45","Late","p.cool.grass",5.36269508999999,8.0504215366449
"417","22","RCP45","Late","p.forb",1.621273735,9.3956822560894
"418","22","RCP45","Late","p.warm.grass",10.16296483,31.1366262987503
"419","22","RCP45","Late","sagebrush",309.05112335,69.8349748970859
"420","22","RCP45","Late","shrub",0.08456273,1.01115221239616
"421","22","RCP85","Mid","a.forb",0.05762673,0.992234028170877
"422","22","RCP85","Mid","p.cool.grass",4.89148281999999,7.34304262677306
"423","22","RCP85","Mid","p.forb",1.679759955,9.73462436538085
"424","22","RCP85","Mid","p.warm.grass",10.81914267,33.1469810063934
"425","22","RCP85","Mid","sagebrush",297.87058208,67.3085552857841
"426","22","RCP85","Mid","shrub",0.0847065399999991,1.01287180919328
"427","22","RCP85","Late","a.forb",0.376458145,6.48196733791916
"428","22","RCP85","Late","p.cool.grass",4.63747409999999,6.96172740454519
"429","22","RCP85","Late","p.forb",-1.319463335,-7.64661634651108
"430","22","RCP85","Late","p.warm.grass",13.08129188,40.0776056579581
"431","22","RCP85","Late","sagebrush",246.93460908,55.7987689525203
"432","22","RCP85","Late","shrub",-1.1114402,-13.289959030131
"433","23","RCP45","Mid","a.forb",0.47363783,7.95106246693286
"434","23","RCP45","Mid","p.cool.grass",8.87569277,14.0993802552052
"435","23","RCP45","Mid","p.forb",1.76889271,10.5640387644393
"436","23","RCP45","Mid","p.warm.grass",12.00289217,39.2256980072643
"437","23","RCP45","Mid","sagebrush",290.05014104,67.1565309812913
"438","23","RCP45","Mid","shrub",0.968215720000001,12.622810771202
"439","23","RCP45","Late","a.forb",0.12081834,2.02820405728811
"440","23","RCP45","Late","p.cool.grass",9.80192887,15.5707420202427
"441","23","RCP45","Late","p.forb",1.96079454,11.7100994382304
"442","23","RCP45","Late","p.warm.grass",12.2050444,39.8863356446909
"443","23","RCP45","Late","sagebrush",295.83868594,68.4967771660357
"444","23","RCP45","Late","shrub",1.14478016,14.924714643454
"445","23","RCP85","Mid","a.forb",0.40468539,6.79354268501965
"446","23","RCP85","Mid","p.cool.grass",8.61261634,13.6814732006382
"447","23","RCP85","Mid","p.forb",1.88021593,11.2288743448076
"448","23","RCP85","Mid","p.warm.grass",12.71976175,41.5684425106229
"449","23","RCP85","Mid","sagebrush",274.69920899,63.6022650184785
"450","23","RCP85","Mid","shrub",0.822426859999999,10.7221339340925
"451","23","RCP85","Late","a.forb",0.33445096,5.61450185489968
"452","23","RCP85","Late","p.cool.grass",7.35306273,11.6806237166146
"453","23","RCP85","Late","p.forb",-0.732484490000001,-4.37448495489052
"454","23","RCP85","Late","p.warm.grass",14.58062727,47.6497892298821
"455","23","RCP85","Late","sagebrush",229.58876468,53.1576538211802
"456","23","RCP85","Late","shrub",-0.41624511,-5.42666592726687
"457","24","RCP45","Mid","a.forb",0.122140765,2.03429625626087
"458","24","RCP45","Mid","p.cool.grass",7.10386126,10.9913292246757
"459","24","RCP45","Mid","p.forb",1.33455116,7.76063311619672
"460","24","RCP45","Mid","p.warm.grass",10.11153691,30.5724079605069
"461","24","RCP45","Mid","sagebrush",327.37353974,78.0566783665906
"462","24","RCP45","Mid","shrub",1.2182604,16.6187546115968
"463","24","RCP45","Late","a.forb",0.42705587,7.11276171845842
"464","24","RCP45","Late","p.cool.grass",6.73481430000001,10.420327555546
"465","24","RCP45","Late","p.forb",1.941120015,11.2879301464331
"466","24","RCP45","Late","p.warm.grass",9.56887123,28.9316488253928
"467","24","RCP45","Late","sagebrush",336.67771268,80.2751008915799
"468","24","RCP45","Late","shrub",1.24818181,17.0269239737652
"469","24","RCP85","Mid","a.forb",0.15140705,2.52173625231922
"470","24","RCP85","Mid","p.cool.grass",6.52008310000001,10.0880883369538
"471","24","RCP85","Mid","p.forb",1.51008927,8.78141591602627
"472","24","RCP85","Mid","p.warm.grass",9.80917881,29.6582229789714
"473","24","RCP85","Mid","sagebrush",308.70362708,73.6051537601995
"474","24","RCP85","Mid","shrub",1.23030253,16.7830258983192
"475","24","RCP85","Late","a.forb",0.32646562,5.43739666739342
"476","24","RCP85","Late","p.cool.grass",7.27722449000001,11.259562551122
"477","24","RCP85","Late","p.forb",-0.992864490000002,-5.77366928442802
"478","24","RCP85","Late","p.warm.grass",11.94584202,36.1184614087717
"479","24","RCP85","Late","sagebrush",236.41036829,56.3680500714732
"480","24","RCP85","Late","shrub",0.24710893,3.37090713118826
"481","25","RCP45","Mid","a.forb",-0.150925625,-2.24205261245203
"482","25","RCP45","Mid","p.cool.grass",2.20085027,3.22067330944691
"483","25","RCP45","Mid","p.forb",-1.148576075,-5.92199147652534
"484","25","RCP45","Mid","p.warm.grass",2.6731352,6.50775433403697
"485","25","RCP45","Mid","sagebrush",161.70510775,27.6770130853714
"486","25","RCP45","Mid","shrub",0.2777183,3.38093434046171
"487","25","RCP45","Late","a.forb",-0.495682,-7.36352838058775
"488","25","RCP45","Late","p.cool.grass",3.47460173,5.08465169362432
"489","25","RCP45","Late","p.forb",-0.799382259999998,-4.12156846485379
"490","25","RCP45","Late","p.warm.grass",2.86311203,6.97025340209723
"491","25","RCP45","Late","sagebrush",168.27456825,28.8014243470332
"492","25","RCP45","Late","shrub",0.577951789999998,7.0359679356467
"493","25","RCP85","Mid","a.forb",-0.458391635000001,-6.80956704852411
"494","25","RCP85","Mid","p.cool.grass",3.15878673,4.62249533747067
"495","25","RCP85","Mid","p.forb",-0.718409654999999,-3.70407842037237
"496","25","RCP85","Mid","p.warm.grass",1.22879188,2.99149690696506
"497","25","RCP85","Mid","sagebrush",150.96317107,25.8384519774921
"498","25","RCP85","Mid","shrub",0.41096151,5.00303322383508
"499","25","RCP85","Late","a.forb",-0.412397230000001,-6.12630417723617
"500","25","RCP85","Late","p.cool.grass",1.97450131000001,2.88943948403404
"501","25","RCP85","Late","p.forb",-3.44778178,-17.7765624397838
"502","25","RCP85","Late","p.warm.grass",6.08934378,14.8245226712573
"503","25","RCP85","Late","sagebrush",87.24920937,14.9333409625819
"504","25","RCP85","Late","shrub",-0.90433269,-11.0093193240169
"505","26","RCP45","Mid","a.forb",0.379910444999999,6.67945683897172
"506","26","RCP45","Mid","p.cool.grass",-1.30840377999999,-1.77444361888073
"507","26","RCP45","Mid","p.forb",0.212930505000003,1.15555929140706
"508","26","RCP45","Mid","p.warm.grass",4.26319934,10.9830246916526
"509","26","RCP45","Mid","sagebrush",162.20221742,29.5811458162513
"510","26","RCP45","Mid","shrub",-0.366052759999999,-4.10953283574773
"511","26","RCP45","Late","a.forb",0.6194261,10.8905400057705
"512","26","RCP45","Late","p.cool.grass",-2.92740051999999,-3.97011018465733
"513","26","RCP45","Late","p.forb",0.269925480000001,1.46486712367262
"514","26","RCP45","Late","p.warm.grass",3.99329458,10.2876852512326
"515","26","RCP45","Late","sagebrush",210.63323727,38.4136086703378
"516","26","RCP45","Late","shrub",-0.293229089999999,-3.29196964325969
"517","26","RCP85","Mid","a.forb",0.594627285,10.4545356351875
"518","26","RCP85","Mid","p.cool.grass",-2.22971745999999,-3.02391966400766
"519","26","RCP85","Mid","p.forb",0.135064509999999,0.73298586066773
"520","26","RCP85","Mid","p.warm.grass",4.20680548,10.8377405734491
"521","26","RCP85","Mid","sagebrush",174.85218076,31.8881451660927
"522","26","RCP85","Mid","shrub",-0.2353127,-2.64176472079724
"523","26","RCP85","Late","a.forb",0.77051788,13.5469845350422
"524","26","RCP85","Late","p.cool.grass",-3.76972558999999,-5.11246269718583
"525","26","RCP85","Late","p.forb",-2.538329885,-13.7753427263413
"526","26","RCP85","Late","p.warm.grass",7.30914223,18.8301046197129
"527","26","RCP85","Late","sagebrush",102.259696,18.6493071834451
"528","26","RCP85","Late","shrub",-1.60812334,-18.0537791045814
"529","27","RCP45","Mid","a.forb",0.75712843,13.6074439286999
"530","27","RCP45","Mid","p.cool.grass",5.61836557000001,8.58957915041417
"531","27","RCP45","Mid","p.forb",0.646280474999998,3.62758444177246
"532","27","RCP45","Mid","p.warm.grass",9.12819631,25.8088547531576
"533","27","RCP45","Mid","sagebrush",316.19195647,73.3073201742968
"534","27","RCP45","Mid","shrub",0.86301506,11.1284084422698
"535","27","RCP45","Late","a.forb",0.550184285,9.88815306881203
"536","27","RCP45","Late","p.cool.grass",6.07418376,9.28645199936327
"537","27","RCP45","Late","p.forb",0.740948894999999,4.15896006087837
"538","27","RCP45","Late","p.warm.grass",8.57651301,24.2490379310934
"539","27","RCP45","Late","sagebrush",306.13942045,70.9766964455692
"540","27","RCP45","Late","shrub",0.95790448,12.3519887383194
"541","27","RCP85","Mid","a.forb",0.86711198,15.5841164856984
"542","27","RCP85","Mid","p.cool.grass",6.15729689,9.41351863461137
"543","27","RCP85","Mid","p.forb",0.698355274999997,3.91988127201232
"544","27","RCP85","Mid","p.warm.grass",7.0754888,20.0050761996368
"545","27","RCP85","Mid","sagebrush",312.73546165,72.5059513625175
"546","27","RCP85","Mid","shrub",0.74057133,9.54952077067456
"547","27","RCP85","Late","a.forb",0.728339715,13.0900405270843
"548","27","RCP85","Late","p.cool.grass",5.49830245,8.4060219113138
"549","27","RCP85","Late","p.forb",-1.83894556,-10.3220359592676
"550","27","RCP85","Late","p.warm.grass",9.53814994,26.967948327932
"551","27","RCP85","Late","sagebrush",245.75815148,56.9776400928056
"552","27","RCP85","Late","shrub",-0.148030670000001,-1.90882620025525
"553","28","RCP45","Mid","a.forb",-1.2251847,-22.3069729668966
"554","28","RCP45","Mid","p.cool.grass",-0.200509409999995,-0.282605392584338
"555","28","RCP45","Mid","p.forb",-0.585526625,-3.03324832075748
"556","28","RCP45","Mid","p.warm.grass",0.771792859999998,1.84697479606914
"557","28","RCP45","Mid","sagebrush",-38.87979924,-5.20243940658402
"558","28","RCP45","Mid","shrub",0.389855749999999,4.76257463697077
"559","28","RCP45","Late","a.forb",0.94395674,17.1866474345459
"560","28","RCP45","Late","p.cool.grass",1.38799921,1.9562975206441
"561","28","RCP45","Late","p.forb",-0.75627832,-3.91780637501375
"562","28","RCP45","Late","p.warm.grass",0.553421669999999,1.32439146442543
"563","28","RCP45","Late","sagebrush",5.93442017000007,0.794074608180394
"564","28","RCP45","Late","shrub",0.47770175,5.83572318373285
"565","28","RCP85","Mid","a.forb",0.546207795,9.94482098688728
"566","28","RCP85","Mid","p.cool.grass",0.923686930000002,1.30187858753202
"567","28","RCP85","Mid","p.forb",-0.547325475000001,-2.83535198412462
"568","28","RCP85","Mid","p.warm.grass",0.894530410000002,2.14069759804126
"569","28","RCP85","Mid","sagebrush",-19.78432737,-2.64730699114708
"570","28","RCP85","Mid","shrub",0.33915236,4.14316943588695
"571","28","RCP85","Late","a.forb",0.903682164999999,16.4533670925874
"572","28","RCP85","Late","p.cool.grass",0.0519403800000049,0.0732066962886252
"573","28","RCP85","Late","p.forb",-3.62907352,-18.7999668852726
"574","28","RCP85","Late","p.warm.grass",3.37109038,8.06734460737449
"575","28","RCP85","Late","sagebrush",-80.16083498,-10.7261841603231
"576","28","RCP85","Late","shrub",-0.719200980000001,-8.78593773782364
"577","29","RCP45","Mid","a.forb",0.43586578,7.48696513054672
"578","29","RCP45","Mid","p.cool.grass",0.612894240000003,0.869089282298375
"579","29","RCP45","Mid","p.forb",0.48491911,2.70440051901206
"580","29","RCP45","Mid","p.warm.grass",4.16193636,10.7992760364976
"581","29","RCP45","Mid","sagebrush",63.84664981,9.62079524925485
"582","29","RCP45","Mid","shrub",0.17832879,2.11416681401501
"583","29","RCP45","Late","a.forb",0.339257605,5.82750464812308
"584","29","RCP45","Late","p.cool.grass",2.33307247,3.30831674727828
"585","29","RCP45","Late","p.forb",0.601046280000002,3.35204333684081
"586","29","RCP45","Late","p.warm.grass",3.684504,9.56044790496976
"587","29","RCP45","Late","sagebrush",60.04461424,9.04788177833339
"588","29","RCP45","Late","shrub",0.0428074299999999,0.507501048480563
"589","29","RCP85","Mid","a.forb",0.46895484,8.05534340154236
"590","29","RCP85","Mid","p.cool.grass",0.907738219999999,1.28718057153645
"591","29","RCP85","Mid","p.forb",0.830851275000001,4.63366894188154
"592","29","RCP85","Mid","p.warm.grass",3.77388019999999,9.79235876842496
"593","29","RCP85","Mid","sagebrush",49.63193542,7.4788370246683
"594","29","RCP85","Mid","shrub",0.11022286,1.30674083953479
"595","29","RCP85","Late","a.forb",0.207584305,3.56572257905582
"596","29","RCP85","Late","p.cool.grass",-0.578406209999997,-0.820184960338049
"597","29","RCP85","Late","p.forb",-1.472650535,-8.21299220642674
"598","29","RCP85","Late","p.warm.grass",6.77101866,17.5692497992968
"599","29","RCP85","Late","sagebrush",-15.1414752100001,-2.28160809064507
"600","29","RCP85","Late","shrub",-0.77792935,-9.22269710582494
"601","30","RCP45","Mid","a.forb",0.280690225,4.68278523908264
"602","30","RCP45","Mid","p.cool.grass",-0.226527540000006,-0.315034640608583
"603","30","RCP45","Mid","p.forb",0.785329135000001,4.40677407893802
"604","30","RCP45","Mid","p.warm.grass",3.65454478,9.31888256947762
"605","30","RCP45","Mid","sagebrush",183.44650396,33.4767488471535
"606","30","RCP45","Mid","shrub",0.405005390000001,4.93014838997722
"607","30","RCP45","Late","a.forb",0.308908525,5.15355417559265
"608","30","RCP45","Late","p.cool.grass",0.964359759999994,1.34114699876655
"609","30","RCP45","Late","p.forb",0.831224390000003,4.66430943712928
"610","30","RCP45","Late","p.warm.grass",4.0649832,10.3654773352372
"611","30","RCP45","Late","sagebrush",196.58474854,35.8743181908191
"612","30","RCP45","Late","shrub",0.498584230000001,6.06928771689317
"613","30","RCP85","Mid","a.forb",0.354090885,5.90733635120963
"614","30","RCP85","Mid","p.cool.grass",-1.01928817,-1.41753661525005
"615","30","RCP85","Mid","p.forb",0.794111645000001,4.45605601143122
"616","30","RCP85","Mid","p.warm.grass",4.53033159,11.5520894200139
"617","30","RCP85","Mid","sagebrush",195.69908143,35.7126947487604
"618","30","RCP85","Mid","shrub",0.46154295,5.61838258954487
"619","30","RCP85","Late","a.forb",0.375904145,6.27124931591751
"620","30","RCP85","Late","p.cool.grass",-2.14553753,-2.98382547515307
"621","30","RCP85","Late","p.forb",-2.195261245,-12.3184279301737
"622","30","RCP85","Late","p.warm.grass",5.20076526,13.2616573737424
"623","30","RCP85","Late","sagebrush",132.29288088,24.1418367310604
"624","30","RCP85","Late","shrub",-0.979592919999999,-11.9246276138969
"625","31","RCP45","Mid","a.forb",0.0991324599999999,1.61483333945607
"626","31","RCP45","Mid","p.cool.grass",1.04145136,1.46826399971717
"627","31","RCP45","Mid","p.forb",0.46497175,2.56582853776573
"628","31","RCP45","Mid","p.warm.grass",4.75922259999999,12.7718665407835
"629","31","RCP45","Mid","sagebrush",220.32363825,43.6394699647758
"630","31","RCP45","Mid","shrub",0.131424020000001,1.57451182033265
"631","31","RCP45","Late","a.forb",0.342914685,5.58596110625195
"632","31","RCP45","Late","p.cool.grass",2.25909385999999,3.18492664565737
"633","31","RCP45","Late","p.forb",0.464904969999999,2.56546002929235
"634","31","RCP45","Late","p.warm.grass",5.05541639,13.5667332394097
"635","31","RCP45","Late","sagebrush",227.20347963,45.0021591144722
"636","31","RCP45","Late","shrub",0.190799160000001,2.28584951768741
"637","31","RCP85","Mid","a.forb",0.10177348,1.65785463789021
"638","31","RCP85","Mid","p.cool.grass",0.684492489999997,0.965014516994596
"639","31","RCP85","Mid","p.forb",0.606257135,3.34547606001244
"640","31","RCP85","Mid","p.warm.grass",5.06202707,13.5844736835536
"641","31","RCP85","Mid","sagebrush",187.65749636,37.1692921427474
"642","31","RCP85","Mid","shrub",0.21989771,2.63446167343747
"643","31","RCP85","Late","a.forb",0.0976438850000001,1.59058496976686
"644","31","RCP85","Late","p.cool.grass",-0.867047600000006,-1.22238524622138
"645","31","RCP85","Late","p.forb",-2.228649965,-12.2982389379303
"646","31","RCP85","Late","p.warm.grass",7.77408372999999,20.8625584935734
"647","31","RCP85","Late","sagebrush",145.05160468,28.7303495714463
"648","31","RCP85","Late","shrub",-0.93190758,-11.1646219630749
"649","32","RCP45","Mid","a.forb",0.0994881999999997,1.56524910057553
"650","32","RCP45","Mid","p.cool.grass",0.64148311000001,0.903201159795017
"651","32","RCP45","Mid","p.forb",0.639791470000002,3.55554098271889
"652","32","RCP45","Mid","p.warm.grass",7.6074319,21.2768592021647
"653","32","RCP45","Mid","sagebrush",256.15541318,52.1537165801709
"654","32","RCP45","Mid","shrub",0.3687469,4.40040334979156
"655","32","RCP45","Late","a.forb",-0.14471094,-2.27673903717667
"656","32","RCP45","Late","p.cool.grass",1.62432296,2.28702885311143
"657","32","RCP45","Late","p.forb",0.692406470000002,3.84794061225092
"658","32","RCP45","Late","p.warm.grass",7.23723778,20.2414811307936
"659","32","RCP45","Late","sagebrush",252.89390375,51.4896672191829
"660","32","RCP45","Late","shrub",0.38685853,4.616536630701
"661","32","RCP85","Mid","a.forb",-0.0982396149999998,-1.54560509708323
"662","32","RCP85","Mid","p.cool.grass",-0.149590359999991,-0.210621580739894
"663","32","RCP85","Mid","p.forb",0.489919015000002,2.72264826545088
"664","32","RCP85","Mid","p.warm.grass",6.77975422,18.9619674366355
"665","32","RCP85","Mid","sagebrush",241.10332951,49.0890844651565
"666","32","RCP85","Mid","shrub",0.15832402,1.88934347098367
"667","32","RCP85","Late","a.forb",-0.00383795499999984,-0.0603825942352873
"668","32","RCP85","Late","p.cool.grass",-0.79671098,-1.12176029257795
"669","32","RCP85","Late","p.forb",-1.53307845,-8.51984359638012
"670","32","RCP85","Late","p.warm.grass",9.07688082,25.3866899816703
"671","32","RCP85","Late","sagebrush",160.21380249,32.6198269385131
"672","32","RCP85","Late","shrub",-0.6292286,-7.50883502810372
"673","33","RCP45","Mid","a.forb",-0.132843175000001,-2.2014099496531
"674","33","RCP45","Mid","p.cool.grass",-0.107065120000001,-0.150962774239726
"675","33","RCP45","Mid","p.forb",0.102850325000002,0.547379467889737
"676","33","RCP45","Mid","p.warm.grass",2.3160693,5.60363885470262
"677","33","RCP45","Mid","sagebrush",169.52375152,31.0344483684571
"678","33","RCP45","Mid","shrub",0.197214450000001,2.36412773727967
"679","33","RCP45","Late","a.forb",0.34873569,5.77907158395706
"680","33","RCP45","Late","p.cool.grass",0.722024730000001,1.01806130988774
"681","33","RCP45","Late","p.forb",-0.139581509999999,-0.742866419440523
"682","33","RCP45","Late","p.warm.grass",1.56024753,3.77495771912429
"683","33","RCP45","Late","sagebrush",180.60561734,33.0631882325368
"684","33","RCP45","Late","shrub",0.25421542,3.04743250642232
"685","33","RCP85","Mid","a.forb",0.452091985,7.49183986258546
"686","33","RCP85","Mid","p.cool.grass",0.714773070000007,1.00783640460166
"687","33","RCP85","Mid","p.forb",-0.0785485450000003,-0.418043022864657
"688","33","RCP85","Mid","p.warm.grass",2.14667786,5.1938029077221
"689","33","RCP85","Mid","sagebrush",182.7801651,33.4612792939802
"690","33","RCP85","Mid","shrub",0.15231591,1.82590204551438
"691","33","RCP85","Late","a.forb",0.16179467,2.68117949107162
"692","33","RCP85","Late","p.cool.grass",-0.840456020000005,-1.1850504852157
"693","33","RCP85","Late","p.forb",-3.17403934,-16.8925471552011
"694","33","RCP85","Late","p.warm.grass",4.04531378999999,9.78747809191562
"695","33","RCP85","Late","sagebrush",93.41980982,17.1022186475612
"696","33","RCP85","Late","shrub",-1.07345772,-12.8681806563819
"697","34","RCP45","Mid","a.forb",0.138973715000001,2.16674221062382
"698","34","RCP45","Mid","p.cool.grass",4.80728179,7.28487620287586
"699","34","RCP45","Mid","p.forb",0.759537559999998,4.31269004876151
"700","34","RCP45","Mid","p.warm.grass",8.0629134,23.1700504514689
"701","34","RCP45","Mid","sagebrush",205.1901892,40.6012285900102
"702","34","RCP45","Mid","shrub",-0.0596563400000001,-0.698938673952322
"703","34","RCP45","Late","a.forb",-0.90061593,-14.0415225360509
"704","34","RCP45","Late","p.cool.grass",5.94828149,9.01392848753888
"705","34","RCP45","Late","p.forb",0.895495074999999,5.08466322411686
"706","34","RCP45","Late","p.warm.grass",8.10005827000001,23.2767920806068
"707","34","RCP45","Late","sagebrush",231.37790891,45.7830240664034
"708","34","RCP45","Late","shrub",0.312379699999999,3.6598667180659
"709","34","RCP85","Mid","a.forb",-0.129197875,-2.01432687674356
"710","34","RCP85","Mid","p.cool.grass",5.08262947999999,7.70213358907076
"711","34","RCP85","Mid","p.forb",0.99291294,5.63780645110499
"712","34","RCP85","Mid","p.warm.grass",8.00280999,22.9973338448382
"713","34","RCP85","Mid","sagebrush",214.50640196,42.4446387712506
"714","34","RCP85","Mid","shrub",0.121913129999999,1.42834443781795
"715","34","RCP85","Late","a.forb",0.10418955,1.62442153820886
"716","34","RCP85","Late","p.cool.grass",4.52420806000001,6.85591090202207
"717","34","RCP85","Late","p.forb",-2.46885867,-14.0182958403105
"718","34","RCP85","Late","p.warm.grass",10.7572975,30.9127871566202
"719","34","RCP85","Late","sagebrush",141.38107235,27.9752421846449
"720","34","RCP85","Late","shrub",-0.85958979,-10.0710259457009
"721","35","RCP45","Mid","a.forb",0.740422975,13.2077288338906
"722","35","RCP45","Mid","p.cool.grass",13.19131336,22.5514884747653
"723","35","RCP45","Mid","p.forb",2.503784445,15.5241524454382
"724","35","RCP45","Mid","p.warm.grass",15.80507748,58.0899984812949
"725","35","RCP45","Mid","sagebrush",337.39042875,89.4476973727858
"726","35","RCP45","Mid","shrub",1.4610372,20.5021732262476
"727","35","RCP45","Late","a.forb",0.459241355,8.191986865546
"728","35","RCP45","Late","p.cool.grass",11.91898808,20.3763579092919
"729","35","RCP45","Late","p.forb",2.257524055,13.9972702718279
"730","35","RCP45","Late","p.warm.grass",15.97560888,58.7167697691641
"731","35","RCP45","Late","sagebrush",365.70949677,96.9555435067651
"732","35","RCP45","Late","shrub",1.53752486,21.5754951478184
"733","35","RCP85","Mid","a.forb",0.612570335,10.9270824238882
"734","35","RCP85","Mid","p.cool.grass",12.61546575,21.5670360259656
"735","35","RCP85","Mid","p.forb",2.493115795,15.4580038800863
"736","35","RCP85","Mid","p.warm.grass",15.8375919,58.2095020149416
"737","35","RCP85","Mid","sagebrush",357.49498874,94.7777436472492
"738","35","RCP85","Mid","shrub",1.57313622,22.0752156693371
"739","35","RCP85","Late","a.forb",0.80490584,14.357979736562
"740","35","RCP85","Late","p.cool.grass",10.67088965,18.2426448671269
"741","35","RCP85","Late","p.forb",-0.0877250200000006,-0.543919260493337
"742","35","RCP85","Late","p.warm.grass",18.4511867,67.8155111063137
"743","35","RCP85","Late","sagebrush",302.18034515,80.1129307820685
"744","35","RCP85","Late","shrub",0.0198739400000001,0.27888335804732
"745","37","RCP45","Mid","a.forb",-0.46809407,-7.07334255491693
"746","37","RCP45","Mid","p.cool.grass",6.00724129,8.98606170632158
"747","37","RCP45","Mid","p.forb",-0.589052349999999,-3.07717243714127
"748","37","RCP45","Mid","p.warm.grass",-0.316725720000001,-0.724236434204015
"749","37","RCP45","Mid","sagebrush",-105.02441887,-12.4361913192306
"750","37","RCP45","Mid","shrub",0.0878405400000002,1.02381490606993
"751","37","RCP45","Late","a.forb",-1.22285467,-18.4784865482058
"752","37","RCP45","Late","p.cool.grass",5.34120944,7.98976356986443
"753","37","RCP45","Late","p.forb",-0.475644415000001,-2.48473651572426
"754","37","RCP45","Late","p.warm.grass",-0.613562189999996,-1.40299339329942
"755","37","RCP45","Late","sagebrush",-55.63892091,-6.58833700464257
"756","37","RCP45","Late","shrub",-0.00175583999999951,-0.0204649830781245
"757","37","RCP85","Mid","a.forb",-0.241348525,-3.6470036726783
"758","37","RCP85","Mid","p.cool.grass",5.29232091999999,7.91663262069112
"759","37","RCP85","Mid","p.forb",-0.507276825000002,-2.64998223653728
"760","37","RCP85","Mid","p.warm.grass",-0.431379939999999,-0.986408901470776
"761","37","RCP85","Mid","sagebrush",-92.36052796,-10.936629865836
"762","37","RCP85","Mid","shrub",-0.14922915,-1.73932250632959
"763","37","RCP85","Late","a.forb",-0.175940605,-2.65862835751013
"764","37","RCP85","Late","p.cool.grass",3.28209765999999,4.90959671422381
"765","37","RCP85","Late","p.forb",-3.230805945,-16.8775271055385
"766","37","RCP85","Late","p.warm.grass",1.94973602,4.45833657829849
"767","37","RCP85","Late","sagebrush",-161.49254943,-19.1227170114385
"768","37","RCP85","Late","shrub",-1.0364831,-12.0806047830485
"769","38","RCP45","Mid","a.forb",-0.28112251,-4.38734300393867
"770","38","RCP45","Mid","p.cool.grass",0.377849929999996,0.534465245337112
"771","38","RCP45","Mid","p.forb",0.129984759999999,0.702986709787674
"772","38","RCP45","Mid","p.warm.grass",0.123705579999999,0.287602215464955
"773","38","RCP45","Mid","sagebrush",145.08733152,24.3050901073859
"774","38","RCP45","Mid","shrub",0.78232047,9.70826698805753
"775","38","RCP45","Late","a.forb",-0.94645751,-14.7709044538045
"776","38","RCP45","Late","p.cool.grass",1.09015468999999,1.54201376680486
"777","38","RCP45","Late","p.forb",0.0210019899999985,0.113583468162673
"778","38","RCP45","Late","p.warm.grass",0.951792490000003,2.21281553174002
"779","38","RCP45","Late","sagebrush",156.79601683,26.2665339392986
"780","38","RCP45","Late","shrub",0.685515430000001,8.50695728167904
"781","38","RCP85","Mid","a.forb",-0.105879525000001,-1.65241052119626
"782","38","RCP85","Mid","p.cool.grass",-0.360629770000003,-0.510107487644419
"783","38","RCP85","Mid","p.forb",0.162387124999999,0.878225960609762
"784","38","RCP85","Mid","p.warm.grass",0.556388779999999,1.29354428302946
"785","38","RCP85","Mid","sagebrush",132.91889836,22.2666291244659
"786","38","RCP85","Mid","shrub",0.507265370000001,6.29494923705089
"787","38","RCP85","Late","a.forb",0.0987620399999996,1.54133137630533
"788","38","RCP85","Late","p.cool.grass",1.20703694999999,1.70734264688817
"789","38","RCP85","Late","p.forb",-2.64300972,-14.293988826072
"790","38","RCP85","Late","p.warm.grass",2.04200862,4.74745119105007
"791","38","RCP85","Late","sagebrush",85.5840997400001,14.3370839765804
"792","38","RCP85","Late","shrub",-0.419813859999999,-5.20971289191371
"793","39","RCP45","Mid","a.forb",0.32793597,5.52634815844915
"794","39","RCP45","Mid","p.cool.grass",3.18511638999999,4.76752333569907
"795","39","RCP45","Mid","p.forb",-0.139841395000001,-0.751322410422245
"796","39","RCP45","Mid","p.warm.grass",4.02154903,10.1547338469574
"797","39","RCP45","Mid","sagebrush",95.95530452,15.2072633970855
"798","39","RCP45","Mid","shrub",-0.2008078,-2.27710746487061
"799","39","RCP45","Late","a.forb",0.09175836,1.5463038220794
"800","39","RCP45","Late","p.cool.grass",5.46197884,8.17556044750837
"801","39","RCP45","Late","p.forb",0.190065499999999,1.02116021939074
"802","39","RCP45","Late","p.warm.grass",3.92077676,9.90027578282096
"803","39","RCP45","Late","sagebrush",129.07958556,20.4568915352503
"804","39","RCP45","Late","shrub",-0.40422152,-4.58376537491745
"805","39","RCP85","Mid","a.forb",0.397670564999999,6.70150942745678
"806","39","RCP85","Mid","p.cool.grass",5.27486830999999,7.89549099041387
"807","39","RCP85","Mid","p.forb",0.0506363199999988,0.272052506321972
"808","39","RCP85","Mid","p.warm.grass",3.72161173,9.39736810814536
"809","39","RCP85","Mid","sagebrush",105.99066034,16.7976944837421
"810","39","RCP85","Mid","shrub",-0.2843415,-3.22435758084352
"811","39","RCP85","Late","a.forb",0.45092264,7.59890871735428
"812","39","RCP85","Late","p.cool.grass",3.75884837999999,5.62629278580449
"813","39","RCP85","Late","p.forb",-2.75884159,-14.8223600985382
"814","39","RCP85","Late","p.warm.grass",5.78332344,14.6033555343898
"815","39","RCP85","Late","sagebrush",48.51691342,7.68909530621884
"816","39","RCP85","Late","shrub",-1.23657104,-14.0223892997524
"817","40","RCP45","Mid","a.forb",-0.0129348949999999,-0.201091553088283
"818","40","RCP45","Mid","p.cool.grass",1.38469908,1.97249809814954
"819","40","RCP45","Mid","p.forb",0.248394309999998,1.36542904177907
"820","40","RCP45","Mid","p.warm.grass",-0.706486040000001,-1.62909189165261
"821","40","RCP45","Mid","sagebrush",-34.47681092,-4.56587857097355
"822","40","RCP45","Mid","shrub",-0.0210715400000012,-0.243332373616844
"823","40","RCP45","Late","a.forb",-0.0535562949999999,-0.832609660859583
"824","40","RCP45","Late","p.cool.grass",0.343070269999998,0.488702177159418
"825","40","RCP45","Late","p.forb",0.571069089999998,3.13917947777607
"826","40","RCP45","Late","p.warm.grass",0.115616109999998,0.266600126090832
"827","40","RCP45","Late","sagebrush",-22.07292411,-2.92319064621231
"828","40","RCP45","Late","shrub",-0.0634146500000003,-0.732307050485185
"829","40","RCP85","Mid","a.forb",-0.326670855,-5.07856844455465
"830","40","RCP85","Mid","p.cool.grass",1.52926266999999,2.17842833270754
"831","40","RCP85","Mid","p.forb",0.355304175000001,1.95311494538807
"832","40","RCP85","Mid","p.warm.grass",0.105633689999998,0.243581582821285
"833","40","RCP85","Mid","sagebrush",-31.0983959700001,-4.11846385910084
"834","40","RCP85","Mid","shrub",0.0835843000000001,0.965224474153348
"835","40","RCP85","Late","a.forb",-0.117632955,-1.82877353200891
"836","40","RCP85","Late","p.cool.grass",0.703825679999994,1.0025967629218
"837","40","RCP85","Late","p.forb",-2.659366515,-14.6185968282277
"838","40","RCP85","Late","p.warm.grass",1.85478324,4.27695972174788
"839","40","RCP85","Late","sagebrush",-97.12439756,-12.8625065284292
"840","40","RCP85","Late","shrub",-1.15180001,-13.3008897482191
"1100","1","RCP45","Hist","a.forb",-0.51449473,-8.92343462645687
"2100","1","RCP45","Hist","p.cool.grass",0.82593344,1.24545949454533
"3100","1","RCP45","Hist","p.forb",-0.0220102650000022,-0.124148768753671
"4100","1","RCP45","Hist","p.warm.grass",-1.67820505,-4.79870964246936
"5100","1","RCP45","Hist","sagebrush",-88.65212133,-19.9001271361628
"6100","1","RCP45","Hist","shrub",-0.153374439999999,-1.93727193023736
"1310","1","RCP85","Hist","a.forb",-0.51449473,-8.92343462645687
"1410","1","RCP85","Hist","p.cool.grass",0.82593344,1.24545949454533
"1510","1","RCP85","Hist","p.forb",-0.0220102650000022,-0.124148768753671
"1610","1","RCP85","Hist","p.warm.grass",-1.67820505,-4.79870964246936
"1710","1","RCP85","Hist","sagebrush",-88.65212133,-19.9001271361628
"1810","1","RCP85","Hist","shrub",-0.153374439999999,-1.93727193023736
"2510","2","RCP45","Hist","a.forb",0.290549745,5.26517211370749
"2610","2","RCP45","Hist","p.cool.grass",-7.25178262,-12.8185530806202
"2710","2","RCP45","Hist","p.forb",-1.058463295,-6.67135858125035
"2810","2","RCP45","Hist","p.warm.grass",-2.27490732,-8.1076583943127
"2910","2","RCP45","Hist","sagebrush",-35.65561594,-9.76111969705259
"3010","2","RCP45","Hist","shrub",-0.12894726,-1.78379684369069
"3710","2","RCP85","Hist","a.forb",0.290549745,5.26517211370749
"3810","2","RCP85","Hist","p.cool.grass",-7.25178262,-12.8185530806202
"3910","2","RCP85","Hist","p.forb",-1.058463295,-6.67135858125035
"4010","2","RCP85","Hist","p.warm.grass",-2.27490732,-8.1076583943127
"4110","2","RCP85","Hist","sagebrush",-35.65561594,-9.76111969705259
"4210","2","RCP85","Hist","shrub",-0.12894726,-1.78379684369069
"4910","3","RCP45","Hist","a.forb",-0.175694795,-3.16850470225754
"5010","3","RCP45","Hist","p.cool.grass",-13.17469633,-22.8902501654414
"5110","3","RCP45","Hist","p.forb",-1.246181155,-7.78648353131969
"5210","3","RCP45","Hist","p.warm.grass",-6.11713164,-22.7406052815277
"5310","3","RCP45","Hist","sagebrush",-82.27521081,-22.0208605688587
"5410","3","RCP45","Hist","shrub",-0.259854730000001,-3.55595201163366
"6110","3","RCP85","Hist","a.forb",-0.175694795,-3.16850470225754
"6210","3","RCP85","Hist","p.cool.grass",-13.17469633,-22.8902501654414
"6310","3","RCP85","Hist","p.forb",-1.246181155,-7.78648353131969
"6410","3","RCP85","Hist","p.warm.grass",-6.11713164,-22.7406052815277
"6510","3","RCP85","Hist","sagebrush",-82.27521081,-22.0208605688587
"6610","3","RCP85","Hist","shrub",-0.259854730000001,-3.55595201163366
"7310","4","RCP45","Hist","a.forb",-0.388925655,-7.09903164963292
"7410","4","RCP45","Hist","p.cool.grass",-3.50708512,-6.15868200362788
"7510","4","RCP45","Hist","p.forb",-0.55281686,-3.4716296682718
"7610","4","RCP45","Hist","p.warm.grass",-3.81890988,-14.2593978614073
"7710","4","RCP45","Hist","sagebrush",-39.3154062,-10.843773455172
"7810","4","RCP45","Hist","shrub",-0.710817420000001,-10.0108556111275
"851","4","RCP85","Hist","a.forb",-0.388925655,-7.09903164963292
"861","4","RCP85","Hist","p.cool.grass",-3.50708512,-6.15868200362788
"871","4","RCP85","Hist","p.forb",-0.55281686,-3.4716296682718
"881","4","RCP85","Hist","p.warm.grass",-3.81890988,-14.2593978614073
"891","4","RCP85","Hist","sagebrush",-39.3154062,-10.843773455172
"901","4","RCP85","Hist","shrub",-0.710817420000001,-10.0108556111275
"971","5","RCP45","Hist","a.forb",0.029860255,0.52763181990739
"981","5","RCP45","Hist","p.cool.grass",-6.24527175999999,-10.2802869343132
"991","5","RCP45","Hist","p.forb",-0.905936565000001,-5.46835350859349
"1001","5","RCP45","Hist","p.warm.grass",-4.5085209,-15.3219900362069
"1011","5","RCP45","Hist","sagebrush",-30.51837795,-7.66160781721715
"1021","5","RCP45","Hist","shrub",-0.35419189,-4.77054785310087
"1091","5","RCP85","Hist","a.forb",0.029860255,0.52763181990739
"1101","5","RCP85","Hist","p.cool.grass",-6.24527175999999,-10.2802869343132
"1111","5","RCP85","Hist","p.forb",-0.905936565000001,-5.46835350859349
"1121","5","RCP85","Hist","p.warm.grass",-4.5085209,-15.3219900362069
"1131","5","RCP85","Hist","sagebrush",-30.51837795,-7.66160781721715
"1141","5","RCP85","Hist","shrub",-0.35419189,-4.77054785310087
"1211","6","RCP45","Hist","a.forb",-0.0687005549999995,-1.16472242355151
"1221","6","RCP45","Hist","p.cool.grass",-9.87298493999999,-15.0654753975525
"1231","6","RCP45","Hist","p.forb",-0.874511790000003,-5.03657763900534
"1241","6","RCP45","Hist","p.warm.grass",-7.15627406,-20.9954071967341
"1251","6","RCP45","Hist","sagebrush",-121.58438027,-27.9267799838771
"1261","6","RCP45","Hist","shrub",-0.82944492,-10.7044374618084
"1331","6","RCP85","Hist","a.forb",-0.0687005549999995,-1.16472242355151
"1341","6","RCP85","Hist","p.cool.grass",-9.87298493999999,-15.0654753975525
"1351","6","RCP85","Hist","p.forb",-0.874511790000003,-5.03657763900534
"1361","6","RCP85","Hist","p.warm.grass",-7.15627406,-20.9954071967341
"1371","6","RCP85","Hist","sagebrush",-121.58438027,-27.9267799838771
"1381","6","RCP85","Hist","shrub",-0.82944492,-10.7044374618084
"1451","7","RCP45","Hist","a.forb",-0.45571886,-8.42691578130914
"1461","7","RCP45","Hist","p.cool.grass",-10.54900652,-19.750779031355
"1471","7","RCP45","Hist","p.forb",-1.736364305,-11.1462471615719
"1481","7","RCP45","Hist","p.warm.grass",-9.3566467,-36.9447434658596
"1491","7","RCP45","Hist","sagebrush",-70.49224602,-20.2654946987342
"1501","7","RCP45","Hist","shrub",-0.76495043,-10.795858057174
"1571","7","RCP85","Hist","a.forb",-0.45571886,-8.42691578130914
"1581","7","RCP85","Hist","p.cool.grass",-10.54900652,-19.750779031355
"1591","7","RCP85","Hist","p.forb",-1.736364305,-11.1462471615719
"1601","7","RCP85","Hist","p.warm.grass",-9.3566467,-36.9447434658596
"1611","7","RCP85","Hist","sagebrush",-70.49224602,-20.2654946987342
"1621","7","RCP85","Hist","shrub",-0.76495043,-10.795858057174
"1691","8","RCP45","Hist","a.forb",0.0414002499999997,0.739725737671867
"1701","8","RCP45","Hist","p.cool.grass",-6.87307019,-11.343460385598
"1711","8","RCP45","Hist","p.forb",-0.455658724999999,-2.73217081616195
"1721","8","RCP45","Hist","p.warm.grass",-2.20958245,-7.17181433133068
"1731","8","RCP45","Hist","sagebrush",-49.61186433,-12.8148144405552
"1741","8","RCP45","Hist","shrub",-0.28930235,-3.83748661901305
"1811","8","RCP85","Hist","a.forb",0.0414002499999997,0.739725737671867
"1821","8","RCP85","Hist","p.cool.grass",-6.87307019,-11.343460385598
"1831","8","RCP85","Hist","p.forb",-0.455658724999999,-2.73217081616195
"1841","8","RCP85","Hist","p.warm.grass",-2.20958245,-7.17181433133068
"1851","8","RCP85","Hist","sagebrush",-49.61186433,-12.8148144405552
"1861","8","RCP85","Hist","shrub",-0.28930235,-3.83748661901305
"1931","9","RCP45","Hist","a.forb",0.42703632,6.8624315939547
"1941","9","RCP45","Hist","p.cool.grass",-1.23245171000001,-1.73984104875455
"1951","9","RCP45","Hist","p.forb",0.0226570399999986,0.119942782020726
"1961","9","RCP45","Hist","p.warm.grass",-1.29416202,-3.09370944570864
"1971","9","RCP45","Hist","sagebrush",-23.1255664,-3.64040680154907
"1981","9","RCP45","Hist","shrub",-0.221295549999999,-2.59743609779343
"2051","9","RCP85","Hist","a.forb",0.42703632,6.8624315939547
"2061","9","RCP85","Hist","p.cool.grass",-1.23245171000001,-1.73984104875455
"2071","9","RCP85","Hist","p.forb",0.0226570399999986,0.119942782020726
"2081","9","RCP85","Hist","p.warm.grass",-1.29416202,-3.09370944570864
"2091","9","RCP85","Hist","sagebrush",-23.1255664,-3.64040680154907
"2101","9","RCP85","Hist","shrub",-0.221295549999999,-2.59743609779343
"2171","10","RCP45","Hist","a.forb",-0.23090231,-4.06466466477921
"2181","10","RCP45","Hist","p.cool.grass",0.187508530000002,0.281796572108405
"2191","10","RCP45","Hist","p.forb",-0.392356680000002,-2.2500576088238
"2201","10","RCP45","Hist","p.warm.grass",-6.86039926999999,-20.2627059216205
"2211","10","RCP45","Hist","sagebrush",-169.61193971,-39.1244571470558
"2221","10","RCP45","Hist","shrub",-0.455604429999999,-5.70995380073174
"2291","10","RCP85","Hist","a.forb",-0.23090231,-4.06466466477921
"2301","10","RCP85","Hist","p.cool.grass",0.187508530000002,0.281796572108405
"2311","10","RCP85","Hist","p.forb",-0.392356680000002,-2.2500576088238
"2321","10","RCP85","Hist","p.warm.grass",-6.86039926999999,-20.2627059216205
"2331","10","RCP85","Hist","sagebrush",-169.61193971,-39.1244571470558
"2341","10","RCP85","Hist","shrub",-0.455604429999999,-5.70995380073174
"2411","13","RCP45","Hist","a.forb",0.47562519,8.10114529777731
"2421","13","RCP45","Hist","p.cool.grass",-3.55986127000001,-5.69304672497259
"2431","13","RCP45","Hist","p.forb",-1.015619805,-6.07348130520237
"2441","13","RCP45","Hist","p.warm.grass",-2.17441327,-7.11970773741429
"2451","13","RCP45","Hist","sagebrush",-26.39114145,-6.53026245847477
"2461","13","RCP45","Hist","shrub",-0.952545209999999,-12.9113088181829
"2531","13","RCP85","Hist","a.forb",0.47562519,8.10114529777731
"2541","13","RCP85","Hist","p.cool.grass",-3.55986127000001,-5.69304672497259
"2551","13","RCP85","Hist","p.forb",-1.015619805,-6.07348130520237
"2561","13","RCP85","Hist","p.warm.grass",-2.17441327,-7.11970773741429
"2571","13","RCP85","Hist","sagebrush",-26.39114145,-6.53026245847477
"2581","13","RCP85","Hist","shrub",-0.952545209999999,-12.9113088181829
"2651","14","RCP45","Hist","a.forb",-0.60336524,-11.4123142208092
"2661","14","RCP45","Hist","p.cool.grass",-3.34588991,-5.33189797210564
"2671","14","RCP45","Hist","p.forb",-0.515763630000002,-3.08406694457998
"2681","14","RCP45","Hist","p.warm.grass",-1.19883906,-3.81289674437634
"2691","14","RCP45","Hist","sagebrush",-43.37374963,-10.8689659099299
"2701","14","RCP45","Hist","shrub",-0.351684560000001,-4.58281424200522
"2771","14","RCP85","Hist","a.forb",-0.60336524,-11.4123142208092
"2781","14","RCP85","Hist","p.cool.grass",-3.34588991,-5.33189797210564
"2791","14","RCP85","Hist","p.forb",-0.515763630000002,-3.08406694457998
"2801","14","RCP85","Hist","p.warm.grass",-1.19883906,-3.81289674437634
"2811","14","RCP85","Hist","sagebrush",-43.37374963,-10.8689659099299
"2821","14","RCP85","Hist","shrub",-0.351684560000001,-4.58281424200522
"2891","15","RCP45","Hist","a.forb",0.242680555,4.12752276946606
"2901","15","RCP45","Hist","p.cool.grass",-5.38886708,-8.40056857229902
"2911","15","RCP45","Hist","p.forb",-2.11731108,-12.5144969371442
"2921","15","RCP45","Hist","p.warm.grass",-6.68658278,-21.1761070523482
"2931","15","RCP45","Hist","sagebrush",-112.57125281,-28.1572020290075
"2941","15","RCP45","Hist","shrub",-0.829503530000001,-11.1940256129606
"3011","15","RCP85","Hist","a.forb",0.242680555,4.12752276946606
"3021","15","RCP85","Hist","p.cool.grass",-5.38886708,-8.40056857229902
"3031","15","RCP85","Hist","p.forb",-2.11731108,-12.5144969371442
"3041","15","RCP85","Hist","p.warm.grass",-6.68658278,-21.1761070523482
"3051","15","RCP85","Hist","sagebrush",-112.57125281,-28.1572020290075
"3061","15","RCP85","Hist","shrub",-0.829503530000001,-11.1940256129606
"3131","16","RCP45","Hist","a.forb",-0.150892675,-2.65906582530456
"3141","16","RCP45","Hist","p.cool.grass",-4.92583715,-8.01617914563301
"3151","16","RCP45","Hist","p.forb",-0.785171210000001,-4.68963399805567
"3161","16","RCP45","Hist","p.warm.grass",-2.97887869,-9.55881528994673
"3171","16","RCP45","Hist","sagebrush",-42.42227052,-10.8374903026006
"3181","16","RCP45","Hist","shrub",-0.0505789999999999,-0.676722234505429
"3251","16","RCP85","Hist","a.forb",-0.150892675,-2.65906582530456
"3261","16","RCP85","Hist","p.cool.grass",-4.92583715,-8.01617914563301
"3271","16","RCP85","Hist","p.forb",-0.785171210000001,-4.68963399805567
"3281","16","RCP85","Hist","p.warm.grass",-2.97887869,-9.55881528994673
"3291","16","RCP85","Hist","sagebrush",-42.42227052,-10.8374903026006
"3301","16","RCP85","Hist","shrub",-0.0505789999999999,-0.676722234505429
"3371","19","RCP45","Hist","a.forb",-0.60595534,-11.316952165622
"3381","19","RCP45","Hist","p.cool.grass",-3.66505730999999,-5.70707494641098
"3391","19","RCP45","Hist","p.forb",-0.472599545000001,-2.77207591034056
"3401","19","RCP45","Hist","p.warm.grass",-4.75656214,-14.8804751033211
"3411","19","RCP45","Hist","sagebrush",-85.25961668,-21.07718907242
"3421","19","RCP45","Hist","shrub",-0.63400363,-8.63700973090213
"3491","19","RCP85","Hist","a.forb",-0.60595534,-11.316952165622
"3501","19","RCP85","Hist","p.cool.grass",-3.66505730999999,-5.70707494641098
"3511","19","RCP85","Hist","p.forb",-0.472599545000001,-2.77207591034056
"3521","19","RCP85","Hist","p.warm.grass",-4.75656214,-14.8804751033211
"3531","19","RCP85","Hist","sagebrush",-85.25961668,-21.07718907242
"3541","19","RCP85","Hist","shrub",-0.63400363,-8.63700973090213
"3611","20","RCP45","Hist","a.forb",-0.394054939999999,-6.87630006499351
"3621","20","RCP45","Hist","p.cool.grass",-0.838820339999998,-1.30453316092845
"3631","20","RCP45","Hist","p.forb",-0.411913909999999,-2.41371841580205
"3641","20","RCP45","Hist","p.warm.grass",-1.90520074,-5.84567300695247
"3651","20","RCP45","Hist","sagebrush",-34.49400484,-8.43800553957535
"3661","20","RCP45","Hist","shrub",0.0840828299999998,1.10104316596716
"3731","20","RCP85","Hist","a.forb",-0.394054939999999,-6.87630006499351
"3741","20","RCP85","Hist","p.cool.grass",-0.838820339999998,-1.30453316092845
"3751","20","RCP85","Hist","p.forb",-0.411913909999999,-2.41371841580205
"3761","20","RCP85","Hist","p.warm.grass",-1.90520074,-5.84567300695247
"3771","20","RCP85","Hist","sagebrush",-34.49400484,-8.43800553957535
"3781","20","RCP85","Hist","shrub",0.0840828299999998,1.10104316596716
"3851","21","RCP45","Hist","a.forb",0.13067437,2.19283825858648
"3861","21","RCP45","Hist","p.cool.grass",-2.03731064999999,-3.14412883906489
"3871","21","RCP45","Hist","p.forb",-0.78187698,-4.60572843256091
"3881","21","RCP45","Hist","p.warm.grass",-1.41421459,-4.37002038656825
"3891","21","RCP45","Hist","sagebrush",-18.55761107,-4.39579245187767
"3901","21","RCP45","Hist","shrub",-0.255965509999999,-3.38519637642233
"3971","21","RCP85","Hist","a.forb",0.13067437,2.19283825858648
"3981","21","RCP85","Hist","p.cool.grass",-2.03731064999999,-3.14412883906489
"3991","21","RCP85","Hist","p.forb",-0.78187698,-4.60572843256091
"4001","21","RCP85","Hist","p.warm.grass",-1.41421459,-4.37002038656825
"4011","21","RCP85","Hist","sagebrush",-18.55761107,-4.39579245187767
"4021","21","RCP85","Hist","shrub",-0.255965509999999,-3.38519637642233
"4091","22","RCP45","Hist","a.forb",0.0490738249999998,0.837887708526449
"4101","22","RCP45","Hist","p.cool.grass",-5.80661086000001,-9.54921107661821
"4111","22","RCP45","Hist","p.forb",-0.694429575000001,-4.19313946092425
"4121","22","RCP45","Hist","p.warm.grass",-2.20564576,-7.24724672611544
"4131","22","RCP45","Hist","sagebrush",-56.87675535,-14.7475894481416
"4141","22","RCP45","Hist","shrub",-1.17690629,-16.3775368925112
"4211","22","RCP85","Hist","a.forb",0.0490738249999998,0.837887708526449
"4221","22","RCP85","Hist","p.cool.grass",-5.80661086000001,-9.54921107661821
"4231","22","RCP85","Hist","p.forb",-0.694429575000001,-4.19313946092425
"4241","22","RCP85","Hist","p.warm.grass",-2.20564576,-7.24724672611544
"4251","22","RCP85","Hist","sagebrush",-56.87675535,-14.7475894481416
"4261","22","RCP85","Hist","shrub",-1.17690629,-16.3775368925112
"4331","23","RCP45","Hist","a.forb",-0.46265747,-8.42074988663886
"4341","23","RCP45","Hist","p.cool.grass",-8.17800176999999,-14.9307334015081
"4351","23","RCP45","Hist","p.forb",-1.18374457,-7.60725636670746
"4361","23","RCP45","Hist","p.warm.grass",-3.92772879,-14.7261292963496
"4371","23","RCP45","Hist","sagebrush",-76.61080563,-21.5628448249303
"4381","23","RCP45","Hist","shrub",-0.6350701,-9.02691451741149
"4451","23","RCP85","Hist","a.forb",-0.46265747,-8.42074988663886
"4461","23","RCP85","Hist","p.cool.grass",-8.17800176999999,-14.9307334015081
"4471","23","RCP85","Hist","p.forb",-1.18374457,-7.60725636670746
"4481","23","RCP85","Hist","p.warm.grass",-3.92772879,-14.7261292963496
"4491","23","RCP85","Hist","sagebrush",-76.61080563,-21.5628448249303
"4501","23","RCP85","Hist","shrub",-0.6350701,-9.02691451741149
"4571","24","RCP45","Hist","a.forb",-0.249536765,-4.33634391831333
"4581","24","RCP45","Hist","p.cool.grass",-4.88340502,-8.17332299801741
"4591","24","RCP45","Hist","p.forb",-0.699788160000001,-4.24200597452097
"4601","24","RCP45","Hist","p.warm.grass",-3.39975312,-11.4568909720542
"4611","24","RCP45","Hist","sagebrush",-40.68511725,-10.7428020114216
"4621","24","RCP45","Hist","shrub",3.02000000003133e-05,0.000411968017399255
"4691","24","RCP85","Hist","a.forb",-0.249536765,-4.33634391831333
"4701","24","RCP85","Hist","p.cool.grass",-4.88340502,-8.17332299801741
"4711","24","RCP85","Hist","p.forb",-0.699788160000001,-4.24200597452097
"4721","24","RCP85","Hist","p.warm.grass",-3.39975312,-11.4568909720542
"4731","24","RCP85","Hist","sagebrush",-40.68511725,-10.7428020114216
"4741","24","RCP85","Hist","shrub",3.02000000003133e-05,0.000411968017399255
"4811","25","RCP45","Hist","a.forb",-0.3504516,-5.49199814939078
"4821","25","RCP45","Hist","p.cool.grass",2.51000930000001,3.54295361692101
"4831","25","RCP45","Hist","p.forb",-1.01991774,-5.55051815837452
"4841","25","RCP45","Hist","p.warm.grass",-0.684902119999997,-1.69566944842412
"4851","25","RCP45","Hist","sagebrush",-11.16464019,-1.94813705232251
"4861","25","RCP45","Hist","shrub",0.0579785599999987,0.700882236453198
"4931","25","RCP85","Hist","a.forb",-0.3504516,-5.49199814939078
"4941","25","RCP85","Hist","p.cool.grass",2.51000930000001,3.54295361692101
"4951","25","RCP85","Hist","p.forb",-1.01991774,-5.55051815837452
"4961","25","RCP85","Hist","p.warm.grass",-0.684902119999997,-1.69566944842412
"4971","25","RCP85","Hist","sagebrush",-11.16464019,-1.94813705232251
"4981","25","RCP85","Hist","shrub",0.0579785599999987,0.700882236453198
"5051","26","RCP45","Hist","a.forb",0.255853425,4.30468925311396
"5061","26","RCP45","Hist","p.cool.grass",-5.76696656,-8.48469679420554
"5071","26","RCP45","Hist","p.forb",-0.818384665,-4.6477384460123
"5081","26","RCP45","Hist","p.warm.grass",-4.41547044,-12.8353755543809
"5091","26","RCP45","Hist","sagebrush",-115.16725437,-26.5875417328478
"5101","26","RCP45","Hist","shrub",-1.12023425,-14.3856375114589
"5171","26","RCP85","Hist","a.forb",0.255853425,4.30468925311396
"5181","26","RCP85","Hist","p.cool.grass",-5.76696656,-8.48469679420554
"5191","26","RCP85","Hist","p.forb",-0.818384665,-4.6477384460123
"5201","26","RCP85","Hist","p.warm.grass",-4.41547044,-12.8353755543809
"5211","26","RCP85","Hist","sagebrush",-115.16725437,-26.5875417328478
"5221","26","RCP85","Hist","shrub",-1.12023425,-14.3856375114589
"5291","27","RCP45","Hist","a.forb",-0.0273720749999997,-0.494374969436907
"5301","27","RCP45","Hist","p.cool.grass",-6.46714569,-10.9720603031493
"5311","27","RCP45","Hist","p.forb",-1.614494775,-9.96526025581041
"5321","27","RCP45","Hist","p.warm.grass",-6.29682338,-21.6596744035156
"5331","27","RCP45","Hist","sagebrush",-47.44131105,-12.3582883064272
"5341","27","RCP45","Hist","shrub",-0.557776540000001,-7.74981739193664
"5411","27","RCP85","Hist","a.forb",-0.0273720749999997,-0.494374969436907
"5421","27","RCP85","Hist","p.cool.grass",-6.46714569,-10.9720603031493
"5431","27","RCP85","Hist","p.forb",-1.614494775,-9.96526025581041
"5441","27","RCP85","Hist","p.warm.grass",-6.29682338,-21.6596744035156
"5451","27","RCP85","Hist","sagebrush",-47.44131105,-12.3582883064272
"5461","27","RCP85","Hist","shrub",-0.557776540000001,-7.74981739193664
"5531","28","RCP45","Hist","a.forb",0.81227522,12.8837283991639
"5541","28","RCP45","Hist","p.cool.grass",-0.322242299999999,-0.456252447170597
"5551","28","RCP45","Hist","p.forb",-0.667906870000003,-3.58401628534493
"5561","28","RCP45","Hist","p.warm.grass",0.0784754299999975,0.187447252697798
"5571","28","RCP45","Hist","sagebrush",-78.78627623,-11.7846219116312
"5581","28","RCP45","Hist","shrub",0.37387446,4.36784859338564
"5651","28","RCP85","Hist","a.forb",0.81227522,12.8837283991639
"5661","28","RCP85","Hist","p.cool.grass",-0.322242299999999,-0.456252447170597
"5671","28","RCP85","Hist","p.forb",-0.667906870000003,-3.58401628534493
"5681","28","RCP85","Hist","p.warm.grass",0.0784754299999975,0.187447252697798
"5691","28","RCP85","Hist","sagebrush",-78.78627623,-11.7846219116312
"5701","28","RCP85","Hist","shrub",0.37387446,4.36784859338564
"5771","29","RCP45","Hist","a.forb",0.42676605,6.82997497035947
"5781","29","RCP45","Hist","p.cool.grass",-1.11913179999999,-1.61252831099635
"5791","29","RCP45","Hist","p.forb",0.371833255000002,2.03158969197309
"5801","29","RCP45","Hist","p.warm.grass",-0.0433975700000033,-0.112733746451329
"5811","29","RCP45","Hist","sagebrush",-150.91393863,-29.4341139718163
"5821","29","RCP45","Hist","shrub",-0.409505469999999,-5.10259297127916
"5891","29","RCP85","Hist","a.forb",0.42676605,6.82997497035947
"5901","29","RCP85","Hist","p.cool.grass",-1.11913179999999,-1.61252831099635
"5911","29","RCP85","Hist","p.forb",0.371833255000002,2.03158969197309
"5921","29","RCP85","Hist","p.warm.grass",-0.0433975700000033,-0.112733746451329
"5931","29","RCP85","Hist","sagebrush",-150.91393863,-29.4341139718163
"5941","29","RCP85","Hist","shrub",-0.409505469999999,-5.10259297127916
"6011","30","RCP45","Hist","a.forb",-0.0609032300000001,-1.02648479365763
"6021","30","RCP45","Hist","p.cool.grass",-4.96447972,-7.41618888392275
"6031","30","RCP45","Hist","p.forb",-0.414654844999998,-2.3822115570915
"6041","30","RCP45","Hist","p.warm.grass",-5.24422783,-15.436763236426
"6051","30","RCP45","Hist","sagebrush",-122.21290919,-28.7040459371117
"6061","30","RCP45","Hist","shrub",-0.407736239999999,-5.2226096940899
"6131","30","RCP85","Hist","a.forb",-0.0609032300000001,-1.02648479365763
"6141","30","RCP85","Hist","p.cool.grass",-4.96447972,-7.41618888392275
"6151","30","RCP85","Hist","p.forb",-0.414654844999998,-2.3822115570915
"6161","30","RCP85","Hist","p.warm.grass",-5.24422783,-15.436763236426
"6171","30","RCP85","Hist","sagebrush",-122.21290919,-28.7040459371117
"6181","30","RCP85","Hist","shrub",-0.407736239999999,-5.2226096940899
"6251","31","RCP45","Hist","a.forb",-0.0810993699999996,-1.33876675463719
"6261","31","RCP45","Hist","p.cool.grass",-1.92389564,-2.78797569012313
"6271","31","RCP45","Hist","p.forb",-0.364717540000001,-2.05393873043617
"6281","31","RCP45","Hist","p.warm.grass",-1.7636873,-4.96818343628268
"6291","31","RCP45","Hist","sagebrush",-70.54581392,-16.2425733522947
"6301","31","RCP45","Hist","shrub",-0.39064311,-4.90984274991336
"6371","31","RCP85","Hist","a.forb",-0.0810993699999996,-1.33876675463719
"6381","31","RCP85","Hist","p.cool.grass",-1.92389564,-2.78797569012313
"6391","31","RCP85","Hist","p.forb",-0.364717540000001,-2.05393873043617
"6401","31","RCP85","Hist","p.warm.grass",-1.7636873,-4.96818343628268
"6411","31","RCP85","Hist","sagebrush",-70.54581392,-16.2425733522947
"6421","31","RCP85","Hist","shrub",-0.39064311,-4.90984274991336
"6491","32","RCP45","Hist","a.forb",-0.841435835,-15.2582576201218
"6501","32","RCP45","Hist","p.cool.grass",-5.79073667,-8.87706682109098
"6511","32","RCP45","Hist","p.forb",-0.695954780000001,-4.02326603242661
"6521","32","RCP45","Hist","p.warm.grass",-3.26172966,-10.0383282520256
"6531","32","RCP45","Hist","sagebrush",-69.95913112,-16.6096563477818
"6541","32","RCP45","Hist","shrub",-0.56731173,-7.26156091186039
"6611","32","RCP85","Hist","a.forb",-0.841435835,-15.2582576201218
"6621","32","RCP85","Hist","p.cool.grass",-5.79073667,-8.87706682109098
"6631","32","RCP85","Hist","p.forb",-0.695954780000001,-4.02326603242661
"6641","32","RCP85","Hist","p.warm.grass",-3.26172966,-10.0383282520256
"6651","32","RCP85","Hist","sagebrush",-69.95913112,-16.6096563477818
"6661","32","RCP85","Hist","shrub",-0.56731173,-7.26156091186039
"6731","33","RCP45","Hist","a.forb",-0.17295887,-2.95076130655171
"6741","33","RCP45","Hist","p.cool.grass",-3.94431288999999,-5.88903606288221
"6751","33","RCP45","Hist","p.forb",-1.21915656,-6.9386846912086
"6761","33","RCP45","Hist","p.warm.grass",-5.17643371,-14.3173029463832
"6771","33","RCP45","Hist","sagebrush",-96.66149172,-21.5002879205905
"6781","33","RCP45","Hist","shrub",-0.47770223,-6.07435061489588
"6851","33","RCP85","Hist","a.forb",-0.17295887,-2.95076130655171
"6861","33","RCP85","Hist","p.cool.grass",-3.94431288999999,-5.88903606288221
"6871","33","RCP85","Hist","p.forb",-1.21915656,-6.9386846912086
"6881","33","RCP85","Hist","p.warm.grass",-5.17643371,-14.3173029463832
"6891","33","RCP85","Hist","sagebrush",-96.66149172,-21.5002879205905
"6901","33","RCP85","Hist","shrub",-0.47770223,-6.07435061489588
"6971","34","RCP45","Hist","a.forb",-1.069330835,-20.007623296494
"6981","34","RCP45","Hist","p.cool.grass",-7.37543688,-12.5829663034365
"6991","34","RCP45","Hist","p.forb",-1.40812074,-8.69018919310217
"7001","34","RCP45","Hist","p.warm.grass",-7.12239609,-25.7344873743576
"7011","34","RCP45","Hist","sagebrush",-138.90047884,-37.9013698526839
"7021","34","RCP45","Hist","shrub",-1.32452409,-18.3687392814652
"7091","34","RCP85","Hist","a.forb",-1.069330835,-20.007623296494
"7101","34","RCP85","Hist","p.cool.grass",-7.37543688,-12.5829663034365
"7111","34","RCP85","Hist","p.forb",-1.40812074,-8.69018919310217
"7121","34","RCP85","Hist","p.warm.grass",-7.12239609,-25.7344873743576
"7131","34","RCP85","Hist","sagebrush",-138.90047884,-37.9013698526839
"7141","34","RCP85","Hist","shrub",-1.32452409,-18.3687392814652
"7211","35","RCP45","Hist","a.forb",-0.155527855,-2.85348403789735
"7221","35","RCP45","Hist","p.cool.grass",-4.78287254,-8.90477397183547
"7231","35","RCP45","Hist","p.forb",-0.61998139,-3.99773015222574
"7241","35","RCP45","Hist","p.warm.grass",-1.41469783,-5.48476684429931
"7251","35","RCP45","Hist","sagebrush",-28.71598052,-8.24042366146204
"7261","35","RCP45","Hist","shrub",-0.18342176,-2.64188619438751
"7331","35","RCP85","Hist","a.forb",-0.155527855,-2.85348403789735
"7341","35","RCP85","Hist","p.cool.grass",-4.78287254,-8.90477397183547
"7351","35","RCP85","Hist","p.forb",-0.61998139,-3.99773015222574
"7361","35","RCP85","Hist","p.warm.grass",-1.41469783,-5.48476684429931
"7371","35","RCP85","Hist","sagebrush",-28.71598052,-8.24042366146204
"7381","35","RCP85","Hist","shrub",-0.18342176,-2.64188619438751
"7451","37","RCP45","Hist","a.forb",-0.122136965,-1.88030769590754
"7461","37","RCP45","Hist","p.cool.grass",4.59188834999999,6.42738626803035
"7471","37","RCP45","Hist","p.forb",-0.464221340000002,-2.48533400789401
"7481","37","RCP45","Hist","p.warm.grass",-3.30803994,-8.18329049380534
"7491","37","RCP45","Hist","sagebrush",-283.11644193,-50.4313426900449
"7501","37","RCP45","Hist","shrub",-0.207108830000001,-2.4736442885438
"7571","37","RCP85","Hist","a.forb",-0.122136965,-1.88030769590754
"7581","37","RCP85","Hist","p.cool.grass",4.59188834999999,6.42738626803035
"7591","37","RCP85","Hist","p.forb",-0.464221340000002,-2.48533400789401
"7601","37","RCP85","Hist","p.warm.grass",-3.30803994,-8.18329049380534
"7611","37","RCP85","Hist","sagebrush",-283.11644193,-50.4313426900449
"7621","37","RCP85","Hist","shrub",-0.207108830000001,-2.4736442885438
"7691","38","RCP45","Hist","a.forb",-0.21609574,-3.49020902249109
"7701","38","RCP45","Hist","p.cool.grass",-0.191811950000002,-0.272054364018262
"7711","38","RCP45","Hist","p.forb",-0.274842785000001,-1.50883892287756
"7721","38","RCP45","Hist","p.warm.grass",-5.34193431,-14.1805699708944
"7731","38","RCP45","Hist","sagebrush",-111.08525913,-22.8637809580338
"7741","38","RCP45","Hist","shrub",0.202333320000001,2.44937060143679
"7811","38","RCP85","Hist","a.forb",-0.21609574,-3.49020902249109
"7821","38","RCP85","Hist","p.cool.grass",-0.191811950000002,-0.272054364018262
"7831","38","RCP85","Hist","p.forb",-0.274842785000001,-1.50883892287756
"7841","38","RCP85","Hist","p.warm.grass",-5.34193431,-14.1805699708944
"7851","38","RCP85","Hist","sagebrush",-111.08525913,-22.8637809580338
"7861","38","RCP85","Hist","shrub",0.202333320000001,2.44937060143679
"7931","39","RCP45","Hist","a.forb",0.168217569999999,2.75664274259388
"7941","39","RCP45","Hist","p.cool.grass",4.13421212999999,5.82752647438834
"7951","39","RCP45","Hist","p.forb",-0.121443984999999,-0.656764350042085
"7961","39","RCP45","Hist","p.warm.grass",0.987498809999998,2.43285024302932
"7971","39","RCP45","Hist","sagebrush",-84.93408388,-15.5542886976507
"7981","39","RCP45","Hist","shrub",-0.3393388,-4.0020103055491
"8051","39","RCP85","Hist","a.forb",0.168217569999999,2.75664274259388
"8061","39","RCP85","Hist","p.cool.grass",4.13421212999999,5.82752647438834
"8071","39","RCP85","Hist","p.forb",-0.121443984999999,-0.656764350042085
"8081","39","RCP85","Hist","p.warm.grass",0.987498809999998,2.43285024302932
"8091","39","RCP85","Hist","sagebrush",-84.93408388,-15.5542886976507
"8101","39","RCP85","Hist","shrub",-0.3393388,-4.0020103055491
"8171","40","RCP45","Hist","a.forb",-0.0699793900000003,-1.09989640796762
"8181","40","RCP45","Hist","p.cool.grass",3.84015725,5.18656787606325
"8191","40","RCP45","Hist","p.forb",0.748557659999999,3.95221100717363
"8201","40","RCP45","Hist","p.warm.grass",-2.3226026,-5.65877569219737
"8211","40","RCP45","Hist","sagebrush",-92.9956335400001,-14.0455286638825
"8221","40","RCP45","Hist","shrub",0.0112836400000003,0.13013296020165
"8291","40","RCP85","Hist","a.forb",-0.0699793900000003,-1.09989640796762
"8301","40","RCP85","Hist","p.cool.grass",3.84015725,5.18656787606325
"8311","40","RCP85","Hist","p.forb",0.748557659999999,3.95221100717363
"8321","40","RCP85","Hist","p.warm.grass",-2.3226026,-5.65877569219737
"8331","40","RCP85","Hist","sagebrush",-92.9956335400001,-14.0455286638825
"8341","40","RCP85","Hist","shrub",0.0112836400000003,0.13013296020165
